{"stats":{"minecraft:used":{"minecraft:oak_sign":3,"minecraft:elytra":45,"minecraft:spruce_slab":2135,"minecraft:ladder":134,"minecraft:diamond_hoe":376,"minecraft:shield":37,"minecraft:chest":43,"minecraft:zombie_spawn_egg":60,"minecraft:rotten_flesh":5,"minecraft:spruce_leaves":1688,"minecraft:carrot":135,"minecraft:obsidian":382,"minecraft:warden_spawn_egg":1,"minecraft:spruce_boat":65,"minecraft:lava_bucket":40,"minecraft:birch_sapling":14,"minecraft:netherite_boots":1,"minecraft:bow":435,"minecraft:oak_sapling":128,"minecraft:furnace":8,"minecraft:potato":53,"minecraft:damaged_anvil":3,"minecraft:diamond_boots":2,"minecraft:stone_pickaxe":2008,"minecraft:oak_planks":161,"minecraft:ender_pearl":19,"minecraft:wooden_pickaxe":30,"minecraft:composter":37,"minecraft:sugar_cane":15,"minecraft:diamond_axe":3337,"minecraft:purpur_pillar":4,"minecraft:golden_apple":2,"minecraft:sand":27,"minecraft:netherite_leggings":1,"minecraft:netherite_helmet":1,"minecraft:dripstone_block":2,"minecraft:end_stone":34,"minecraft:shears":684,"minecraft:pumpkin_seeds":55,"minecraft:firework_rocket":435,"minecraft:string":9,"minecraft:lectern":107,"minecraft:deepslate":3,"minecraft:gravel":97,"minecraft:golden_helmet":1,"minecraft:diamond_sword":588,"minecraft:fire_charge":1,"minecraft:grindstone":16,"minecraft:smithing_table":6,"minecraft:purpur_block":1,"minecraft:ice":1,"minecraft:coarse_dirt":385,"minecraft:bone_meal":782,"minecraft:experience_bottle":32,"minecraft:netherite_sword":64,"minecraft:stone_sword":757,"minecraft:stone_shovel":141,"minecraft:spruce_planks":249,"minecraft:ender_chest":6,"minecraft:stone_hoe":236,"minecraft:torch":574,"minecraft:brewing_stand":6,"minecraft:dirt":293,"minecraft:anvil":7,"minecraft:white_carpet":18,"minecraft:hopper":28,"minecraft:diamond_helmet":1,"minecraft:oak_wood":11,"minecraft:cobblestone_wall":31,"minecraft:spruce_fence":38,"minecraft:shulker_box":79,"minecraft:chipped_anvil":10,"minecraft:bookshelf":15,"minecraft:iron_block":9,"minecraft:spawner":1,"minecraft:blaze_spawn_egg":1,"minecraft:diamond_chestplate":38,"minecraft:tripwire_hook":1,"minecraft:glowstone":3,"minecraft:cooked_beef":2,"minecraft:pumpkin":1,"minecraft:enchanted_golden_apple":1,"minecraft:pointed_dripstone":2,"minecraft:water_bucket":228,"minecraft:netherite_chestplate":1,"minecraft:baked_potato":596,"minecraft:cauldron":3,"minecraft:magenta_stained_glass":2,"minecraft:cobblestone_slab":6320,"minecraft:fletching_table":99,"minecraft:stonecutter":1,"minecraft:spruce_fence_gate":6,"minecraft:crafting_table":34,"minecraft:oak_slab":130,"minecraft:birch_sign":6,"minecraft:white_bed":56,"minecraft:spruce_log":21,"minecraft:smoker":5,"minecraft:oak_log":370,"minecraft:wooden_hoe":33,"minecraft:ender_eye":35,"minecraft:diamond_pickaxe":5938,"minecraft:diamond_shovel":450,"minecraft:command_block":1,"minecraft:netherite_axe":88,"minecraft:spruce_trapdoor":309,"minecraft:spruce_sapling":180,"minecraft:stone_axe":1993,"minecraft:cobblestone":6132,"minecraft:potion":9,"minecraft:bucket":267,"minecraft:end_portal_frame":37,"minecraft:kelp":1,"minecraft:diamond_leggings":3,"minecraft:splash_potion":1},"minecraft:crafted":{"minecraft:ender_chest":2,"minecraft:grindstone":2,"minecraft:oak_planks":268,"minecraft:cobblestone_slab":3522,"minecraft:oak_sign":3,"minecraft:blaze_powder":16,"minecraft:stone":6,"minecraft:bookshelf":15,"minecraft:shulker_box":9,"minecraft:hopper":15,"minecraft:diamond_helmet":2,"minecraft:bow":26,"minecraft:diamond_leggings":1,"minecraft:chest":34,"minecraft:stone_hoe":2,"minecraft:ender_eye":14,"minecraft:smoker":1,"minecraft:oak_slab":186,"minecraft:deepslate":2,"minecraft:emerald":1072,"minecraft:diamond_axe":2,"minecraft:crafting_table":11,"minecraft:spruce_planks":10756,"minecraft:wooden_pickaxe":2,"minecraft:baked_potato":534,"minecraft:smithing_table":1,"minecraft:fletching_table":26,"minecraft:oak_wood":3,"minecraft:birch_planks":28,"minecraft:pumpkin_seeds":16,"minecraft:spruce_trapdoor":44,"minecraft:wooden_hoe":1,"minecraft:paper":153,"minecraft:diamond_pickaxe":2,"minecraft:charcoal":607,"minecraft:shield":1,"minecraft:stick":16097,"minecraft:stone_slab":6,"minecraft:iron_ingot":9,"minecraft:iron_block":3,"minecraft:stone_sword":4,"minecraft:gold_ingot":132,"minecraft:composter":5,"minecraft:spruce_fence_gate":15,"minecraft:shears":3,"minecraft:coarse_dirt":376,"minecraft:stone_shovel":2,"minecraft:cobbled_deepslate":2,"minecraft:furnace":5,"minecraft:bone_meal":777,"minecraft:spruce_fence":57,"minecraft:white_carpet":9,"minecraft:iron_axe":10,"minecraft:ladder":129,"minecraft:spruce_slab":2970,"minecraft:stone_pickaxe":30,"minecraft:cobblestone_wall":60,"minecraft:diamond_boots":1,"minecraft:spruce_boat":9,"minecraft:golden_helmet":1,"minecraft:birch_sign":6,"minecraft:diamond_sword":1,"minecraft:iron_sword":10,"minecraft:bucket":15,"minecraft:stone_axe":19,"minecraft:enchanted_book":40,"minecraft:air":0,"minecraft:white_wool":46,"minecraft:golden_apple":1,"minecraft:anvil":1,"minecraft:stonecutter":1,"minecraft:white_bed":13,"minecraft:torch":236,"minecraft:firework_rocket":459,"minecraft:diamond_chestplate":2},"minecraft:custom":{"minecraft:interact_with_crafting_table":272,"minecraft:open_shulker_box":228,"minecraft:leave_game":28,"minecraft:time_since_death":140640,"minecraft:damage_resisted":182,"minecraft:sprint_one_cm":3519006,"minecraft:damage_blocked_by_shield":2399,"minecraft:drop":1093,"minecraft:talked_to_villager":582,"minecraft:play_time":2161042,"minecraft:deaths":20,"minecraft:jump":26203,"minecraft:interact_with_brewingstand":2,"minecraft:walk_on_water_one_cm":176103,"minecraft:interact_with_furnace":121,"minecraft:traded_with_villager":1164,"minecraft:sleep_in_bed":40,"minecraft:open_enderchest":97,"minecraft:damage_dealt":70795,"minecraft:player_kills":5,"minecraft:crouch_one_cm":1198355,"minecraft:interact_with_smoker":76,"minecraft:use_cauldron":12,"minecraft:interact_with_smithing_table":2,"minecraft:interact_with_anvil":39,"minecraft:mob_kills":3993,"minecraft:inspect_hopper":208,"minecraft:climb_one_cm":43884,"minecraft:walk_one_cm":3499429,"minecraft:sneak_time":313022,"minecraft:walk_under_water_one_cm":30440,"minecraft:boat_one_cm":139520,"minecraft:total_world_time":2161042,"minecraft:interact_with_grindstone":5,"minecraft:interact_with_stonecutter":5,"minecraft:time_since_rest":22519,"minecraft:damage_absorbed":87,"minecraft:damage_taken":28254,"minecraft:swim_one_cm":21440,"minecraft:fly_one_cm":6665547,"minecraft:open_chest":2082,"minecraft:aviate_one_cm":10583993,"minecraft:fall_one_cm":581815},"minecraft:mined":{"minecraft:dragon_wall_head":1,"minecraft:spruce_planks":101,"minecraft:white_bed":44,"minecraft:oak_sapling":2,"minecraft:farmland":45,"minecraft:brewing_stand":6,"minecraft:obsidian":130,"minecraft:spruce_trapdoor":214,"minecraft:grass_block":14,"minecraft:composter":31,"minecraft:hopper":6,"minecraft:fire":83,"minecraft:pumpkin":5,"minecraft:anvil":1,"minecraft:fletching_table":82,"minecraft:pointed_dripstone":2,"minecraft:dirt_path":1,"minecraft:iron_block":5,"minecraft:spruce_slab":77,"minecraft:tripwire":1,"minecraft:smoker":4,"minecraft:torch":185,"minecraft:chest":25,"minecraft:cobblestone":3318,"minecraft:damaged_anvil":3,"minecraft:oak_planks":106,"minecraft:sugar_cane":125,"minecraft:grindstone":14,"minecraft:wall_torch":78,"minecraft:cauldron":3,"minecraft:birch_sapling":2,"minecraft:birch_log":71,"minecraft:pumpkin_stem":23,"minecraft:purpur_block":1,"minecraft:oak_log":699,"minecraft:sand":18,"minecraft:dirt":505,"minecraft:netherrack":32,"minecraft:oak_leaves":131,"minecraft:deepslate":12,"minecraft:end_stone":63,"minecraft:shulker_box":80,"minecraft:ladder":22,"minecraft:spruce_fence":3,"minecraft:spruce_leaves":808,"minecraft:kelp":2,"minecraft:rooted_dirt":1,"minecraft:moss_block":5,"minecraft:sandstone":9,"minecraft:spruce_sapling":15,"minecraft:furnace":4,"minecraft:carrots":61,"minecraft:bookshelf":15,"minecraft:potatoes":27,"minecraft:cobblestone_slab":4144,"minecraft:stripped_oak_log":7,"minecraft:ender_chest":6,"minecraft:podzol":17,"minecraft:smithing_table":4,"minecraft:oak_slab":28,"minecraft:magenta_stained_glass":2,"minecraft:crafting_table":27,"minecraft:oak_wood":8,"minecraft:lectern":106,"minecraft:purpur_pillar":5,"minecraft:birch_planks":40,"minecraft:coarse_dirt":9,"minecraft:cobblestone_wall":3,"minecraft:ice":1,"minecraft:spruce_log":3129,"minecraft:birch_leaves":16,"minecraft:gravel":97,"minecraft:dripstone_block":8,"minecraft:chipped_anvil":10},"minecraft:dropped":{"minecraft:iron_sword":10,"minecraft:repeating_command_block":1,"minecraft:diamond_axe":6,"minecraft:oak_log":1,"minecraft:baked_potato":271,"minecraft:ender_pearl":2,"minecraft:glass_bottle":6,"minecraft:crafting_table":2,"minecraft:music_disc_relic":1,"minecraft:fletching_table":11,"minecraft:elytra":2,"minecraft:spruce_leaves":1,"minecraft:emerald":271,"minecraft:music_disc_13":1,"minecraft:dirt":171,"minecraft:gold_nugget":20,"minecraft:phantom_membrane":1,"minecraft:sand":1,"minecraft:sugar":1,"minecraft:music_disc_stal":1,"minecraft:white_wool":4,"minecraft:gold_ingot":204,"minecraft:bone":207,"minecraft:music_disc_blocks":1,"minecraft:stone_axe":15,"minecraft:blackstone":12,"minecraft:sugar_cane":2,"minecraft:iron_nugget":14,"minecraft:cobbled_deepslate":2,"minecraft:nether_brick":2,"minecraft:obsidian":3,"minecraft:music_disc_5":3,"minecraft:rotten_flesh":1782,"minecraft:enchanted_golden_apple":5,"minecraft:diamond_shovel":3,"minecraft:end_stone":45,"minecraft:music_disc_far":1,"minecraft:white_bed":3,"minecraft:mycelium":2,"minecraft:carrot":106,"minecraft:poppy":584,"minecraft:gunpowder":237,"minecraft:glowstone":1,"minecraft:ladder":76,"minecraft:spruce_slab":921,"minecraft:arrow":308,"minecraft:ghast_tear":4,"minecraft:splash_potion":1,"minecraft:netherrack":14,"minecraft:lectern":4,"minecraft:firework_rocket":64,"minecraft:water_bucket":6,"minecraft:enchanted_book":33,"minecraft:iron_ingot":17,"minecraft:golden_helmet":1,"minecraft:dripstone_block":1,"minecraft:diamond_leggings":4,"minecraft:poisonous_potato":6,"minecraft:netherite_axe":2,"minecraft:cobblestone":4425,"minecraft:book":29,"minecraft:command_block":1,"minecraft:music_disc_pigstep":1,"minecraft:grass_block":1,"minecraft:golden_apple":1,"minecraft:stick":418,"minecraft:torch":37,"minecraft:sculk_catalyst":2,"minecraft:diamond_helmet":6,"minecraft:fire_charge":8,"minecraft:potion":1,"minecraft:iron_axe":10,"minecraft:music_disc_wait":1,"minecraft:string":4459,"minecraft:bucket":21,"minecraft:music_disc_cat":1,"minecraft:spruce_sapling":10,"minecraft:zombie_spawn_egg":1,"minecraft:stone_sword":4,"minecraft:stone_shovel":1,"minecraft:chicken":1,"minecraft:white_carpet":1,"minecraft:stone_slab":4,"minecraft:ender_eye":1,"minecraft:budding_amethyst":2,"minecraft:shears":2,"minecraft:pumpkin_seeds":3,"minecraft:diamond_sword":3,"minecraft:potato":9,"minecraft:cobblestone_slab":820,"minecraft:spruce_boat":6,"minecraft:shield":2,"minecraft:diamond_chestplate":5,"minecraft:spruce_trapdoor":354,"minecraft:spruce_planks":2,"minecraft:dragon_egg":1,"minecraft:diamond_pickaxe":8,"minecraft:oak_sapling":5,"minecraft:end_portal_frame":1,"minecraft:golden_sword":160,"minecraft:spider_eye":1,"minecraft:spruce_log":256,"minecraft:diamond_boots":5,"minecraft:bow":20,"minecraft:stone_pickaxe":58,"minecraft:wooden_pickaxe":6,"minecraft:music_disc_mellohi":1,"minecraft:magma_cream":76},"minecraft:killed_by":{"minecraft:magma_cube":3,"minecraft:witch":1,"minecraft:zombie":1,"minecraft:player":3,"minecraft:warden":1},"minecraft:killed":{"minecraft:zombified_piglin":4,"minecraft:witch":4,"minecraft:spider":27,"minecraft:shulker":28,"minecraft:skeleton":294,"minecraft:chicken":3,"minecraft:cat":7,"minecraft:magma_cube":120,"minecraft:piglin":5,"minecraft:zombie_villager":4,"minecraft:iron_golem":1,"minecraft:creeper":302,"minecraft:trader_llama":4,"minecraft:zombie":348,"minecraft:ghast":7,"minecraft:blaze":22,"minecraft:phantom":4,"minecraft:warden":1,"minecraft:wandering_trader":2,"minecraft:villager":1,"minecraft:enderman":9},"minecraft:broken":{"minecraft:shears":2,"minecraft:stone_pickaxe":14,"minecraft:stone_axe":14,"minecraft:stone_sword":3,"minecraft:stone_hoe":1},"minecraft:picked_up":{"minecraft:ender_chest":5,"minecraft:anvil":4,"minecraft:smithing_table":5,"minecraft:lead":3,"minecraft:diamond_sword":11,"minecraft:potion":5,"minecraft:enchanted_book":8,"minecraft:nether_brick":166,"minecraft:brewing_stand":6,"minecraft:golden_sword":143,"minecraft:music_disc_cat":2,"minecraft:string":7698,"minecraft:soul_soil":1,"minecraft:diamond_leggings":10,"minecraft:gold_nugget":1191,"minecraft:cobbled_deepslate":2,"minecraft:bucket":2,"minecraft:spruce_planks":425,"minecraft:cobblestone_slab":5943,"minecraft:enchanted_golden_apple":1,"minecraft:iron_boots":1,"minecraft:furnace":4,"minecraft:stick":1936,"minecraft:music_disc_blocks":1,"minecraft:composter":32,"minecraft:torch":620,"minecraft:purpur_pillar":4,"minecraft:pointed_dripstone":2,"minecraft:music_disc_pigstep":1,"minecraft:cauldron":3,"minecraft:stone_sword":6,"minecraft:rotten_flesh":1674,"minecraft:iron_block":104,"minecraft:music_disc_wait":1,"minecraft:blaze_rod":15,"minecraft:obsidian":569,"minecraft:cobblestone":13840,"minecraft:birch_log":71,"minecraft:cooked_beef":2,"minecraft:magma_cream":99,"minecraft:water_bucket":14,"minecraft:smoker":4,"minecraft:potato":89,"minecraft:flint":52,"minecraft:dirt":661,"minecraft:twisting_vines":1,"minecraft:bone":694,"minecraft:chipped_anvil":10,"minecraft:bow":38,"minecraft:grindstone":14,"minecraft:fletching_table":84,"minecraft:diamond_helmet":10,"minecraft:moss_block":5,"minecraft:oak_planks":102,"minecraft:ghast_tear":4,"minecraft:music_disc_13":2,"minecraft:poisonous_potato":3,"minecraft:sand":18,"minecraft:grass_block":1,"minecraft:spectral_arrow":151,"minecraft:shulker_box":80,"minecraft:sugar":1,"minecraft:deepslate":10,"minecraft:spruce_boat":68,"minecraft:bone_meal":106,"minecraft:golden_apple":3,"minecraft:emerald":290,"minecraft:rooted_dirt":1,"minecraft:oak_sapling":273,"minecraft:netherrack":492,"minecraft:diamond_pickaxe":15,"minecraft:music_disc_5":3,"minecraft:spruce_leaves":1296,"minecraft:charcoal":110,"minecraft:coarse_dirt":9,"minecraft:crafting_table":28,"minecraft:splash_potion":3,"minecraft:chicken":1,"minecraft:ladder":133,"minecraft:wooden_pickaxe":2,"minecraft:dragon_head":1,"minecraft:purpur_block":1,"minecraft:shield":6,"minecraft:elytra":8,"minecraft:white_carpet":5,"minecraft:blackstone":322,"minecraft:echo_shard":4,"minecraft:iron_nugget":14,"minecraft:poppy":7,"minecraft:spruce_slab":63,"minecraft:lectern":111,"minecraft:sugar_cane":229,"minecraft:chest":25,"minecraft:birch_sapling":30,"minecraft:spruce_trapdoor":523,"minecraft:phantom_membrane":2,"minecraft:diamond_hoe":2,"minecraft:sandstone":18,"minecraft:end_stone":71,"minecraft:music_disc_relic":2,"minecraft:music_disc_mellohi":1,"minecraft:spruce_fence":3,"minecraft:fire_charge":17,"minecraft:carrot":220,"minecraft:warden_spawn_egg":1,"minecraft:arrow":600,"minecraft:diamond_chestplate":11,"minecraft:shears":1,"minecraft:diamond_boots":10,"minecraft:gold_ingot":172,"minecraft:white_wool":5,"minecraft:stripped_oak_log":7,"minecraft:tripwire_hook":1,"minecraft:leather":34,"minecraft:music_disc_stal":1,"minecraft:birch_planks":27,"minecraft:ice":1,"minecraft:oak_log":757,"minecraft:cobblestone_wall":41,"minecraft:gunpowder":632,"minecraft:apple":24,"minecraft:kelp":2,"minecraft:iron_ingot":26,"minecraft:music_disc_far":1,"minecraft:stone_pickaxe":45,"minecraft:magenta_stained_glass":2,"minecraft:glass_bottle":6,"minecraft:soul_sand":154,"minecraft:music_disc_chirp":1,"minecraft:book":56,"minecraft:sculk_catalyst":1,"minecraft:oak_slab":28,"minecraft:pumpkin":5,"minecraft:quartz":47,"minecraft:dripstone_block":9,"minecraft:gravel":168,"minecraft:lava_bucket":1,"minecraft:spruce_sapling":406,"minecraft:white_bed":46,"minecraft:spruce_log":3284,"minecraft:crying_obsidian":59,"minecraft:spider_eye":5,"minecraft:dragon_egg":1,"minecraft:oak_wood":8,"minecraft:firework_rocket":908,"minecraft:diamond_shovel":12,"minecraft:pumpkin_seeds":45,"minecraft:stone_axe":15,"minecraft:diamond_axe":11,"minecraft:baked_potato":513,"minecraft:damaged_anvil":3,"minecraft:mangrove_propagule":2,"minecraft:hopper":7,"minecraft:ender_pearl":42,"minecraft:shulker_shell":18}},"DataVersion":3463}