{"stats":{"minecraft:picked_up":{"minecraft:music_disc_5":3,"minecraft:charcoal":53,"minecraft:crafting_table":24,"minecraft:splash_potion":2,"minecraft:ladder":129,"minecraft:smithing_table":5,"minecraft:lead":2,"minecraft:wooden_pickaxe":2,"minecraft:enchanted_book":1,"minecraft:potion":1,"minecraft:nether_brick":5,"minecraft:golden_sword":1,"minecraft:music_disc_cat":2,"minecraft:string":1519,"minecraft:white_carpet":5,"minecraft:blackstone":11,"minecraft:diamond_leggings":1,"minecraft:gold_nugget":38,"minecraft:bucket":2,"minecraft:spruce_planks":143,"minecraft:cobblestone_slab":1639,"minecraft:poppy":5,"minecraft:spruce_slab":50,"minecraft:spruce_trapdoor":163,"minecraft:sugar_cane":68,"minecraft:chest":4,"minecraft:birch_sapling":30,"minecraft:phantom_membrane":2,"minecraft:iron_boots":1,"minecraft:furnace":2,"minecraft:stick":547,"minecraft:sandstone":9,"minecraft:music_disc_blocks":1,"minecraft:music_disc_relic":2,"minecraft:composter":32,"minecraft:torch":373,"minecraft:music_disc_mellohi":1,"minecraft:fire_charge":12,"minecraft:pointed_dripstone":2,"minecraft:music_disc_pigstep":1,"minecraft:carrot":215,"minecraft:cauldron":2,"minecraft:diamond_chestplate":1,"minecraft:stone_sword":6,"minecraft:arrow":580,"minecraft:rotten_flesh":557,"minecraft:diamond_boots":1,"minecraft:gold_ingot":82,"minecraft:music_disc_wait":1,"minecraft:obsidian":4,"minecraft:cobblestone":4575,"minecraft:stripped_oak_log":1,"minecraft:birch_log":71,"minecraft:cooked_beef":2,"minecraft:water_bucket":4,"minecraft:leather":10,"minecraft:music_disc_stal":1,"minecraft:smoker":1,"minecraft:potato":76,"minecraft:birch_planks":27,"minecraft:ice":1,"minecraft:oak_log":435,"minecraft:gunpowder":628,"minecraft:dirt":242,"minecraft:bone":640,"minecraft:apple":8,"minecraft:kelp":2,"minecraft:bow":35,"minecraft:diamond_helmet":1,"minecraft:iron_ingot":23,"minecraft:music_disc_far":1,"minecraft:stone_pickaxe":45,"minecraft:fletching_table":28,"minecraft:glass_bottle":4,"minecraft:oak_planks":101,"minecraft:music_disc_chirp":1,"minecraft:oak_slab":19,"minecraft:music_disc_13":2,"minecraft:quartz":12,"minecraft:poisonous_potato":2,"minecraft:dripstone_block":3,"minecraft:gravel":35,"minecraft:lava_bucket":1,"minecraft:sand":18,"minecraft:spruce_sapling":111,"minecraft:white_bed":17,"minecraft:spruce_log":724,"minecraft:crying_obsidian":3,"minecraft:spectral_arrow":24,"minecraft:spider_eye":5,"minecraft:oak_wood":8,"minecraft:diamond_shovel":3,"minecraft:sugar":1,"minecraft:stone_axe":15,"minecraft:spruce_boat":32,"minecraft:golden_apple":3,"minecraft:emerald":25,"minecraft:baked_potato":82,"minecraft:oak_sapling":148,"minecraft:netherrack":97,"minecraft:mangrove_propagule":2,"minecraft:hopper":1,"minecraft:diamond_pickaxe":1,"minecraft:ender_pearl":4},"minecraft:broken":{"minecraft:stone_sword":3,"minecraft:stone_hoe":1,"minecraft:stone_pickaxe":14,"minecraft:stone_axe":14},"minecraft:killed":{"minecraft:witch":4,"minecraft:zombified_piglin":1,"minecraft:spider":24,"minecraft:phantom":3,"minecraft:skeleton":286,"minecraft:cat":5,"minecraft:magma_cube":4,"minecraft:zombie_villager":4,"minecraft:wandering_trader":1,"minecraft:creeper":286,"minecraft:trader_llama":2,"minecraft:zombie":338,"minecraft:ghast":1},"minecraft:custom":{"minecraft:interact_with_smithing_table":2,"minecraft:mob_kills":1039,"minecraft:inspect_hopper":8,"minecraft:interact_with_crafting_table":188,"minecraft:leave_game":11,"minecraft:time_since_death":579031,"minecraft:climb_one_cm":19875,"minecraft:sprint_one_cm":1356494,"minecraft:walk_one_cm":1654348,"minecraft:drop":486,"minecraft:talked_to_villager":77,"minecraft:play_time":981229,"minecraft:sneak_time":200779,"minecraft:deaths":12,"minecraft:walk_under_water_one_cm":19408,"minecraft:boat_one_cm":72368,"minecraft:jump":12330,"minecraft:walk_on_water_one_cm":95636,"minecraft:total_world_time":981229,"minecraft:interact_with_furnace":33,"minecraft:traded_with_villager":2,"minecraft:sleep_in_bed":20,"minecraft:time_since_rest":40987,"minecraft:damage_absorbed":40,"minecraft:damage_taken":11392,"minecraft:damage_dealt":38511,"minecraft:swim_one_cm":13651,"minecraft:fly_one_cm":2624151,"minecraft:player_kills":3,"minecraft:open_chest":673,"minecraft:crouch_one_cm":730792,"minecraft:interact_with_smoker":49,"minecraft:fall_one_cm":181198,"minecraft:use_cauldron":4},"minecraft:crafted":{"minecraft:coarse_dirt":60,"minecraft:oak_planks":160,"minecraft:cobblestone_slab":2754,"minecraft:stone_shovel":2,"minecraft:oak_sign":3,"minecraft:furnace":2,"minecraft:bone_meal":660,"minecraft:white_carpet":9,"minecraft:hopper":15,"minecraft:bow":6,"minecraft:ladder":78,"minecraft:spruce_slab":2970,"minecraft:stone_pickaxe":30,"minecraft:chest":27,"minecraft:spruce_boat":6,"minecraft:stone_hoe":2,"minecraft:golden_helmet":1,"minecraft:birch_sign":6,"minecraft:smoker":1,"minecraft:oak_slab":138,"minecraft:emerald":1,"minecraft:diamond_axe":1,"minecraft:crafting_table":8,"minecraft:spruce_planks":2408,"minecraft:wooden_pickaxe":2,"minecraft:baked_potato":302,"minecraft:smithing_table":1,"minecraft:bucket":1,"minecraft:oak_wood":3,"minecraft:birch_planks":28,"minecraft:stone_axe":19,"minecraft:air":0,"minecraft:spruce_trapdoor":34,"minecraft:wooden_hoe":1,"minecraft:white_wool":46,"minecraft:charcoal":114,"minecraft:golden_apple":1,"minecraft:stick":304,"minecraft:stone_sword":4,"minecraft:gold_ingot":4,"minecraft:white_bed":13,"minecraft:composter":5,"minecraft:spruce_fence_gate":12,"minecraft:torch":192,"minecraft:shears":2},"minecraft:used":{"minecraft:stone_sword":757,"minecraft:spruce_slab":2070,"minecraft:oak_sign":3,"minecraft:stone_shovel":141,"minecraft:ladder":82,"minecraft:chest":16,"minecraft:spruce_planks":239,"minecraft:zombie_spawn_egg":60,"minecraft:stone_hoe":236,"minecraft:rotten_flesh":5,"minecraft:torch":407,"minecraft:dirt":157,"minecraft:white_carpet":18,"minecraft:hopper":21,"minecraft:carrot":133,"minecraft:obsidian":7,"minecraft:oak_wood":11,"minecraft:spruce_boat":31,"minecraft:lava_bucket":23,"minecraft:birch_sapling":14,"minecraft:glowstone":3,"minecraft:bow":102,"minecraft:oak_sapling":66,"minecraft:furnace":3,"minecraft:potato":45,"minecraft:cooked_beef":2,"minecraft:pointed_dripstone":2,"minecraft:water_bucket":125,"minecraft:baked_potato":214,"minecraft:stone_pickaxe":2008,"minecraft:oak_planks":112,"minecraft:diamond_axe":6,"minecraft:cauldron":2,"minecraft:wooden_pickaxe":30,"minecraft:sugar_cane":8,"minecraft:composter":37,"minecraft:fletching_table":28,"minecraft:spruce_fence_gate":3,"minecraft:cobblestone_slab":4194,"minecraft:golden_apple":2,"minecraft:sand":18,"minecraft:oak_slab":95,"minecraft:crafting_table":29,"minecraft:birch_sign":6,"minecraft:white_bed":29,"minecraft:dripstone_block":2,"minecraft:spruce_log":4,"minecraft:smoker":2,"minecraft:oak_log":286,"minecraft:wooden_hoe":33,"minecraft:diamond_pickaxe":427,"minecraft:netherite_axe":88,"minecraft:string":1,"minecraft:spruce_trapdoor":189,"minecraft:gravel":4,"minecraft:spruce_sapling":38,"minecraft:golden_helmet":1,"minecraft:stone_axe":1993,"minecraft:fire_charge":1,"minecraft:cobblestone":2695,"minecraft:smithing_table":6,"minecraft:bucket":136,"minecraft:ice":1,"minecraft:kelp":1,"minecraft:coarse_dirt":60,"minecraft:splash_potion":1,"minecraft:bone_meal":617},"minecraft:mined":{"minecraft:spruce_planks":91,"minecraft:white_bed":17,"minecraft:oak_sapling":2,"minecraft:farmland":25,"minecraft:spruce_trapdoor":13,"minecraft:ladder":22,"minecraft:grass_block":14,"minecraft:spruce_leaves":39,"minecraft:sandstone":9,"minecraft:composter":31,"minecraft:kelp":2,"minecraft:spruce_sapling":1,"minecraft:furnace":2,"minecraft:carrots":61,"minecraft:fire":1,"minecraft:fletching_table":26,"minecraft:potatoes":27,"minecraft:pointed_dripstone":2,"minecraft:cobblestone_slab":999,"minecraft:stripped_oak_log":1,"minecraft:smithing_table":4,"minecraft:spruce_slab":59,"minecraft:podzol":13,"minecraft:oak_slab":19,"minecraft:smoker":1,"minecraft:crafting_table":24,"minecraft:torch":136,"minecraft:oak_wood":8,"minecraft:chest":4,"minecraft:cobblestone":1418,"minecraft:oak_planks":104,"minecraft:sugar_cane":42,"minecraft:wall_torch":47,"minecraft:cauldron":2,"minecraft:birch_sapling":2,"minecraft:birch_planks":40,"minecraft:birch_log":71,"minecraft:ice":1,"minecraft:spruce_log":676,"minecraft:birch_leaves":16,"minecraft:oak_log":377,"minecraft:sand":18,"minecraft:gravel":4,"minecraft:dripstone_block":2,"minecraft:dirt":147,"minecraft:oak_leaves":58},"minecraft:killed_by":{"minecraft:player":1,"minecraft:witch":1,"minecraft:zombie":1},"minecraft:dropped":{"minecraft:water_bucket":1,"minecraft:iron_ingot":17,"minecraft:golden_helmet":1,"minecraft:baked_potato":91,"minecraft:glass_bottle":2,"minecraft:crafting_table":2,"minecraft:dripstone_block":1,"minecraft:poisonous_potato":2,"minecraft:netherite_axe":2,"minecraft:music_disc_relic":1,"minecraft:cobblestone":588,"minecraft:music_disc_pigstep":1,"minecraft:golden_apple":1,"minecraft:emerald":1,"minecraft:stick":43,"minecraft:music_disc_13":1,"minecraft:dirt":109,"minecraft:torch":36,"minecraft:fire_charge":8,"minecraft:phantom_membrane":1,"minecraft:music_disc_wait":1,"minecraft:sugar":1,"minecraft:string":671,"minecraft:music_disc_stal":1,"minecraft:bucket":5,"minecraft:music_disc_cat":1,"minecraft:spruce_sapling":8,"minecraft:gold_ingot":83,"minecraft:bone":207,"minecraft:music_disc_blocks":1,"minecraft:stone_axe":14,"minecraft:zombie_spawn_egg":1,"minecraft:stone_sword":3,"minecraft:nether_brick":2,"minecraft:obsidian":2,"minecraft:music_disc_5":3,"minecraft:white_carpet":1,"minecraft:rotten_flesh":489,"minecraft:music_disc_far":1,"minecraft:white_bed":1,"minecraft:shears":2,"minecraft:carrot":103,"minecraft:poppy":4,"minecraft:potato":4,"minecraft:cobblestone_slab":103,"minecraft:spruce_boat":4,"minecraft:gunpowder":233,"minecraft:spruce_trapdoor":81,"minecraft:spruce_planks":1,"minecraft:glowstone":1,"minecraft:oak_sapling":5,"minecraft:ladder":76,"minecraft:golden_sword":1,"minecraft:spider_eye":1,"minecraft:spruce_slab":920,"minecraft:spruce_log":64,"minecraft:bow":16,"minecraft:arrow":116,"minecraft:stone_pickaxe":58,"minecraft:wooden_pickaxe":4,"minecraft:music_disc_mellohi":1,"minecraft:splash_potion":1}},"DataVersion":3463}