{"stats":{"minecraft:picked_up":{"minecraft:anvil":4,"minecraft:smithing_table":5,"minecraft:lead":2,"minecraft:diamond_sword":4,"minecraft:potion":3,"minecraft:enchanted_book":7,"minecraft:nether_brick":52,"minecraft:golden_sword":65,"minecraft:music_disc_cat":2,"minecraft:string":5746,"minecraft:diamond_leggings":4,"minecraft:gold_nugget":765,"minecraft:bucket":2,"minecraft:spruce_planks":378,"minecraft:cobblestone_slab":4389,"minecraft:furnace":2,"minecraft:iron_boots":1,"minecraft:stick":1504,"minecraft:music_disc_blocks":1,"minecraft:composter":32,"minecraft:torch":447,"minecraft:pointed_dripstone":2,"minecraft:music_disc_pigstep":1,"minecraft:cauldron":2,"minecraft:stone_sword":6,"minecraft:rotten_flesh":1161,"minecraft:iron_block":35,"minecraft:music_disc_wait":1,"minecraft:blaze_rod":7,"minecraft:obsidian":25,"minecraft:cobblestone":7379,"minecraft:birch_log":71,"minecraft:cooked_beef":2,"minecraft:magma_cream":3,"minecraft:water_bucket":7,"minecraft:smoker":1,"minecraft:potato":76,"minecraft:flint":52,"minecraft:dirt":386,"minecraft:twisting_vines":1,"minecraft:bone":694,"minecraft:chipped_anvil":2,"minecraft:bow":37,"minecraft:grindstone":12,"minecraft:fletching_table":44,"minecraft:diamond_helmet":5,"minecraft:oak_planks":101,"minecraft:music_disc_13":2,"minecraft:poisonous_potato":2,"minecraft:sand":18,"minecraft:spectral_arrow":151,"minecraft:sugar":1,"minecraft:spruce_boat":40,"minecraft:bone_meal":106,"minecraft:golden_apple":3,"minecraft:emerald":160,"minecraft:oak_sapling":167,"minecraft:netherrack":233,"minecraft:diamond_pickaxe":5,"minecraft:music_disc_5":3,"minecraft:charcoal":53,"minecraft:coarse_dirt":6,"minecraft:crafting_table":25,"minecraft:splash_potion":3,"minecraft:chicken":1,"minecraft:ladder":133,"minecraft:wooden_pickaxe":2,"minecraft:shield":2,"minecraft:white_carpet":5,"minecraft:blackstone":68,"minecraft:echo_shard":4,"minecraft:spruce_slab":61,"minecraft:poppy":7,"minecraft:lectern":105,"minecraft:chest":4,"minecraft:sugar_cane":143,"minecraft:birch_sapling":30,"minecraft:diamond_hoe":1,"minecraft:spruce_trapdoor":512,"minecraft:phantom_membrane":2,"minecraft:sandstone":9,"minecraft:music_disc_relic":2,"minecraft:music_disc_mellohi":1,"minecraft:spruce_fence":3,"minecraft:fire_charge":17,"minecraft:carrot":215,"minecraft:warden_spawn_egg":1,"minecraft:arrow":600,"minecraft:diamond_chestplate":5,"minecraft:diamond_boots":4,"minecraft:gold_ingot":153,"minecraft:stripped_oak_log":1,"minecraft:leather":32,"minecraft:music_disc_stal":1,"minecraft:birch_planks":27,"minecraft:ice":1,"minecraft:oak_log":477,"minecraft:gunpowder":629,"minecraft:apple":10,"minecraft:kelp":2,"minecraft:iron_ingot":26,"minecraft:music_disc_far":1,"minecraft:stone_pickaxe":45,"minecraft:glass_bottle":4,"minecraft:soul_sand":79,"minecraft:music_disc_chirp":1,"minecraft:book":25,"minecraft:sculk_catalyst":1,"minecraft:oak_slab":19,"minecraft:quartz":47,"minecraft:dripstone_block":3,"minecraft:gravel":165,"minecraft:lava_bucket":1,"minecraft:spruce_sapling":200,"minecraft:white_bed":32,"minecraft:spruce_log":1737,"minecraft:crying_obsidian":14,"minecraft:spider_eye":5,"minecraft:oak_wood":8,"minecraft:diamond_shovel":7,"minecraft:stone_axe":15,"minecraft:diamond_axe":4,"minecraft:baked_potato":237,"minecraft:mangrove_propagule":2,"minecraft:hopper":1,"minecraft:ender_pearl":15},"minecraft:broken":{"minecraft:stone_pickaxe":14,"minecraft:stone_axe":14,"minecraft:stone_sword":3,"minecraft:stone_hoe":1},"minecraft:killed":{"minecraft:zombified_piglin":4,"minecraft:witch":4,"minecraft:spider":27,"minecraft:skeleton":294,"minecraft:chicken":3,"minecraft:cat":6,"minecraft:magma_cube":15,"minecraft:piglin":1,"minecraft:zombie_villager":4,"minecraft:iron_golem":1,"minecraft:creeper":302,"minecraft:trader_llama":2,"minecraft:zombie":347,"minecraft:ghast":2,"minecraft:blaze":18,"minecraft:phantom":3,"minecraft:warden":1,"minecraft:wandering_trader":1,"minecraft:villager":1},"minecraft:custom":{"minecraft:interact_with_crafting_table":228,"minecraft:leave_game":17,"minecraft:time_since_death":90975,"minecraft:sprint_one_cm":2102690,"minecraft:damage_blocked_by_shield":151,"minecraft:drop":767,"minecraft:talked_to_villager":380,"minecraft:play_time":1275903,"minecraft:deaths":15,"minecraft:jump":16683,"minecraft:walk_on_water_one_cm":110642,"minecraft:interact_with_furnace":44,"minecraft:traded_with_villager":643,"minecraft:sleep_in_bed":23,"minecraft:damage_dealt":49569,"minecraft:player_kills":3,"minecraft:crouch_one_cm":801490,"minecraft:interact_with_smoker":55,"minecraft:use_cauldron":7,"minecraft:interact_with_smithing_table":2,"minecraft:mob_kills":2684,"minecraft:interact_with_anvil":13,"minecraft:inspect_hopper":20,"minecraft:climb_one_cm":32104,"minecraft:walk_one_cm":2176077,"minecraft:sneak_time":221259,"minecraft:walk_under_water_one_cm":21246,"minecraft:boat_one_cm":85168,"minecraft:total_world_time":1275903,"minecraft:interact_with_grindstone":5,"minecraft:time_since_rest":16095,"minecraft:damage_absorbed":40,"minecraft:damage_taken":14251,"minecraft:swim_one_cm":15404,"minecraft:fly_one_cm":3935367,"minecraft:open_chest":1077,"minecraft:fall_one_cm":248892},"minecraft:crafted":{"minecraft:grindstone":2,"minecraft:oak_planks":160,"minecraft:cobblestone_slab":2754,"minecraft:oak_sign":3,"minecraft:stone":3,"minecraft:bookshelf":8,"minecraft:hopper":15,"minecraft:diamond_helmet":2,"minecraft:bow":20,"minecraft:diamond_leggings":1,"minecraft:chest":33,"minecraft:stone_hoe":2,"minecraft:smoker":1,"minecraft:oak_slab":138,"minecraft:emerald":587,"minecraft:diamond_axe":2,"minecraft:crafting_table":9,"minecraft:spruce_planks":3636,"minecraft:wooden_pickaxe":2,"minecraft:baked_potato":306,"minecraft:smithing_table":1,"minecraft:fletching_table":26,"minecraft:oak_wood":3,"minecraft:birch_planks":28,"minecraft:spruce_trapdoor":44,"minecraft:wooden_hoe":1,"minecraft:diamond_pickaxe":2,"minecraft:charcoal":159,"minecraft:shield":1,"minecraft:stick":2591,"minecraft:stone_slab":6,"minecraft:iron_ingot":9,"minecraft:iron_block":3,"minecraft:stone_sword":4,"minecraft:gold_ingot":79,"minecraft:composter":5,"minecraft:spruce_fence_gate":15,"minecraft:shears":2,"minecraft:coarse_dirt":196,"minecraft:stone_shovel":2,"minecraft:furnace":2,"minecraft:bone_meal":660,"minecraft:spruce_fence":57,"minecraft:white_carpet":9,"minecraft:iron_axe":10,"minecraft:ladder":129,"minecraft:spruce_slab":2970,"minecraft:stone_pickaxe":30,"minecraft:diamond_boots":1,"minecraft:spruce_boat":9,"minecraft:golden_helmet":1,"minecraft:birch_sign":6,"minecraft:diamond_sword":1,"minecraft:iron_sword":10,"minecraft:bucket":3,"minecraft:stone_axe":19,"minecraft:enchanted_book":17,"minecraft:air":0,"minecraft:white_wool":46,"minecraft:golden_apple":1,"minecraft:anvil":1,"minecraft:white_bed":13,"minecraft:torch":236,"minecraft:diamond_chestplate":2},"minecraft:used":{"minecraft:spruce_slab":2085,"minecraft:oak_sign":3,"minecraft:ladder":134,"minecraft:diamond_hoe":138,"minecraft:chest":22,"minecraft:shield":2,"minecraft:zombie_spawn_egg":60,"minecraft:rotten_flesh":5,"minecraft:carrot":133,"minecraft:obsidian":7,"minecraft:warden_spawn_egg":1,"minecraft:spruce_boat":39,"minecraft:lava_bucket":28,"minecraft:birch_sapling":14,"minecraft:netherite_boots":1,"minecraft:bow":264,"minecraft:oak_sapling":84,"minecraft:furnace":3,"minecraft:potato":45,"minecraft:diamond_boots":1,"minecraft:stone_pickaxe":2008,"minecraft:oak_planks":112,"minecraft:ender_pearl":1,"minecraft:wooden_pickaxe":30,"minecraft:composter":37,"minecraft:sugar_cane":11,"minecraft:diamond_axe":1383,"minecraft:golden_apple":2,"minecraft:sand":18,"minecraft:netherite_leggings":1,"minecraft:dripstone_block":2,"minecraft:netherite_helmet":1,"minecraft:end_stone":7,"minecraft:string":1,"minecraft:lectern":101,"minecraft:gravel":97,"minecraft:golden_helmet":1,"minecraft:fire_charge":1,"minecraft:diamond_sword":102,"minecraft:grindstone":14,"minecraft:smithing_table":6,"minecraft:ice":1,"minecraft:coarse_dirt":202,"minecraft:bone_meal":665,"minecraft:experience_bottle":32,"minecraft:netherite_sword":64,"minecraft:stone_sword":757,"minecraft:stone_shovel":141,"minecraft:spruce_planks":244,"minecraft:stone_hoe":236,"minecraft:torch":495,"minecraft:dirt":170,"minecraft:anvil":7,"minecraft:white_carpet":18,"minecraft:hopper":21,"minecraft:diamond_helmet":1,"minecraft:spruce_fence":38,"minecraft:oak_wood":11,"minecraft:chipped_anvil":2,"minecraft:bookshelf":8,"minecraft:spawner":1,"minecraft:blaze_spawn_egg":1,"minecraft:diamond_chestplate":1,"minecraft:glowstone":3,"minecraft:cooked_beef":2,"minecraft:pointed_dripstone":2,"minecraft:water_bucket":144,"minecraft:netherite_chestplate":1,"minecraft:baked_potato":287,"minecraft:cauldron":2,"minecraft:fletching_table":44,"minecraft:spruce_fence_gate":6,"minecraft:cobblestone_slab":4691,"minecraft:oak_slab":95,"minecraft:crafting_table":31,"minecraft:birch_sign":6,"minecraft:white_bed":42,"minecraft:spruce_log":4,"minecraft:smoker":2,"minecraft:oak_log":287,"minecraft:wooden_hoe":33,"minecraft:ender_eye":24,"minecraft:diamond_pickaxe":2750,"minecraft:diamond_shovel":209,"minecraft:netherite_axe":88,"minecraft:spruce_trapdoor":286,"minecraft:spruce_sapling":94,"minecraft:stone_axe":1993,"minecraft:cobblestone":3291,"minecraft:potion":7,"minecraft:bucket":163,"minecraft:end_portal_frame":25,"minecraft:kelp":1,"minecraft:diamond_leggings":1,"minecraft:splash_potion":1},"minecraft:mined":{"minecraft:spruce_planks":96,"minecraft:white_bed":32,"minecraft:oak_sapling":2,"minecraft:farmland":25,"minecraft:obsidian":15,"minecraft:spruce_trapdoor":203,"minecraft:grass_block":14,"minecraft:composter":31,"minecraft:fire":3,"minecraft:fletching_table":42,"minecraft:anvil":1,"minecraft:pointed_dripstone":2,"minecraft:spruce_slab":72,"minecraft:smoker":1,"minecraft:torch":158,"minecraft:chest":4,"minecraft:cobblestone":2420,"minecraft:grindstone":12,"minecraft:sugar_cane":80,"minecraft:oak_planks":104,"minecraft:wall_torch":58,"minecraft:cauldron":2,"minecraft:birch_sapling":2,"minecraft:birch_log":71,"minecraft:oak_log":419,"minecraft:sand":18,"minecraft:dirt":287,"minecraft:netherrack":32,"minecraft:oak_leaves":62,"minecraft:ladder":22,"minecraft:spruce_fence":3,"minecraft:spruce_leaves":47,"minecraft:kelp":2,"minecraft:sandstone":9,"minecraft:spruce_sapling":1,"minecraft:furnace":2,"minecraft:carrots":61,"minecraft:bookshelf":8,"minecraft:potatoes":27,"minecraft:cobblestone_slab":2224,"minecraft:stripped_oak_log":1,"minecraft:podzol":17,"minecraft:smithing_table":4,"minecraft:oak_slab":19,"minecraft:crafting_table":25,"minecraft:oak_wood":8,"minecraft:lectern":100,"minecraft:birch_planks":40,"minecraft:coarse_dirt":6,"minecraft:ice":1,"minecraft:spruce_log":1626,"minecraft:birch_leaves":16,"minecraft:gravel":97,"minecraft:dripstone_block":2,"minecraft:chipped_anvil":2},"minecraft:killed_by":{"minecraft:witch":1,"minecraft:zombie":1,"minecraft:player":1,"minecraft:warden":1},"minecraft:dropped":{"minecraft:iron_sword":10,"minecraft:repeating_command_block":1,"minecraft:diamond_axe":2,"minecraft:oak_log":1,"minecraft:baked_potato":155,"minecraft:glass_bottle":2,"minecraft:crafting_table":2,"minecraft:music_disc_relic":1,"minecraft:fletching_table":11,"minecraft:music_disc_13":1,"minecraft:emerald":118,"minecraft:dirt":109,"minecraft:gold_nugget":5,"minecraft:phantom_membrane":1,"minecraft:sugar":1,"minecraft:music_disc_stal":1,"minecraft:gold_ingot":204,"minecraft:bone":207,"minecraft:music_disc_blocks":1,"minecraft:stone_axe":15,"minecraft:sugar_cane":2,"minecraft:nether_brick":2,"minecraft:obsidian":3,"minecraft:music_disc_5":3,"minecraft:rotten_flesh":1213,"minecraft:diamond_shovel":2,"minecraft:end_stone":1,"minecraft:music_disc_far":1,"minecraft:white_bed":1,"minecraft:mycelium":2,"minecraft:carrot":103,"minecraft:poppy":4,"minecraft:gunpowder":234,"minecraft:glowstone":1,"minecraft:ladder":76,"minecraft:spruce_slab":920,"minecraft:arrow":116,"minecraft:netherrack":14,"minecraft:splash_potion":1,"minecraft:lectern":4,"minecraft:enchanted_book":23,"minecraft:water_bucket":3,"minecraft:iron_ingot":17,"minecraft:golden_helmet":1,"minecraft:dripstone_block":1,"minecraft:diamond_leggings":1,"minecraft:poisonous_potato":2,"minecraft:netherite_axe":2,"minecraft:cobblestone":1430,"minecraft:music_disc_pigstep":1,"minecraft:grass_block":1,"minecraft:golden_apple":1,"minecraft:stick":43,"minecraft:torch":37,"minecraft:sculk_catalyst":2,"minecraft:diamond_helmet":2,"minecraft:fire_charge":8,"minecraft:potion":1,"minecraft:iron_axe":10,"minecraft:music_disc_wait":1,"minecraft:string":3072,"minecraft:bucket":21,"minecraft:music_disc_cat":1,"minecraft:spruce_sapling":9,"minecraft:zombie_spawn_egg":1,"minecraft:stone_sword":3,"minecraft:chicken":1,"minecraft:white_carpet":1,"minecraft:stone_slab":4,"minecraft:budding_amethyst":2,"minecraft:shears":2,"minecraft:diamond_sword":1,"minecraft:potato":4,"minecraft:cobblestone_slab":808,"minecraft:spruce_boat":5,"minecraft:shield":1,"minecraft:diamond_chestplate":2,"minecraft:spruce_planks":1,"minecraft:spruce_trapdoor":354,"minecraft:diamond_pickaxe":2,"minecraft:oak_sapling":5,"minecraft:golden_sword":81,"minecraft:spider_eye":1,"minecraft:spruce_log":256,"minecraft:diamond_boots":1,"minecraft:bow":16,"minecraft:stone_pickaxe":58,"minecraft:wooden_pickaxe":4,"minecraft:music_disc_mellohi":1}},"DataVersion":3463}