{"stats":{"minecraft:used":{"minecraft:oak_sign":3,"minecraft:elytra":26,"minecraft:spruce_slab":2131,"minecraft:ladder":134,"minecraft:diamond_hoe":139,"minecraft:shield":25,"minecraft:chest":29,"minecraft:zombie_spawn_egg":60,"minecraft:rotten_flesh":5,"minecraft:carrot":135,"minecraft:obsidian":20,"minecraft:warden_spawn_egg":1,"minecraft:spruce_boat":65,"minecraft:lava_bucket":38,"minecraft:birch_sapling":14,"minecraft:netherite_boots":1,"minecraft:bow":421,"minecraft:oak_sapling":110,"minecraft:furnace":4,"minecraft:potato":45,"minecraft:damaged_anvil":2,"minecraft:diamond_boots":1,"minecraft:stone_pickaxe":2008,"minecraft:oak_planks":161,"minecraft:ender_pearl":19,"minecraft:wooden_pickaxe":30,"minecraft:composter":37,"minecraft:sugar_cane":15,"minecraft:diamond_axe":2561,"minecraft:purpur_pillar":3,"minecraft:golden_apple":2,"minecraft:sand":27,"minecraft:netherite_leggings":1,"minecraft:netherite_helmet":1,"minecraft:dripstone_block":2,"minecraft:end_stone":34,"minecraft:firework_rocket":79,"minecraft:string":9,"minecraft:lectern":107,"minecraft:gravel":97,"minecraft:golden_helmet":1,"minecraft:diamond_sword":368,"minecraft:fire_charge":1,"minecraft:grindstone":16,"minecraft:smithing_table":6,"minecraft:ice":1,"minecraft:coarse_dirt":202,"minecraft:purpur_block":1,"minecraft:bone_meal":665,"minecraft:experience_bottle":32,"minecraft:netherite_sword":64,"minecraft:stone_sword":757,"minecraft:stone_shovel":141,"minecraft:spruce_planks":249,"minecraft:ender_chest":4,"minecraft:stone_hoe":236,"minecraft:torch":534,"minecraft:brewing_stand":1,"minecraft:dirt":170,"minecraft:anvil":7,"minecraft:white_carpet":18,"minecraft:hopper":28,"minecraft:diamond_helmet":1,"minecraft:shulker_box":29,"minecraft:oak_wood":11,"minecraft:spruce_fence":38,"minecraft:chipped_anvil":10,"minecraft:bookshelf":15,"minecraft:spawner":1,"minecraft:blaze_spawn_egg":1,"minecraft:diamond_chestplate":24,"minecraft:tripwire_hook":1,"minecraft:glowstone":3,"minecraft:cooked_beef":2,"minecraft:enchanted_golden_apple":1,"minecraft:pointed_dripstone":2,"minecraft:water_bucket":204,"minecraft:netherite_chestplate":1,"minecraft:baked_potato":420,"minecraft:cauldron":3,"minecraft:magenta_stained_glass":2,"minecraft:fletching_table":99,"minecraft:cobblestone_slab":4721,"minecraft:spruce_fence_gate":6,"minecraft:crafting_table":33,"minecraft:oak_slab":130,"minecraft:birch_sign":6,"minecraft:white_bed":52,"minecraft:spruce_log":18,"minecraft:smoker":4,"minecraft:oak_log":370,"minecraft:wooden_hoe":33,"minecraft:ender_eye":35,"minecraft:diamond_pickaxe":3561,"minecraft:diamond_shovel":209,"minecraft:netherite_axe":88,"minecraft:spruce_trapdoor":309,"minecraft:spruce_sapling":148,"minecraft:stone_axe":1993,"minecraft:cobblestone":4563,"minecraft:potion":9,"minecraft:bucket":234,"minecraft:end_portal_frame":37,"minecraft:kelp":1,"minecraft:diamond_leggings":1,"minecraft:splash_potion":1},"minecraft:crafted":{"minecraft:ender_chest":2,"minecraft:grindstone":2,"minecraft:oak_planks":268,"minecraft:cobblestone_slab":2754,"minecraft:oak_sign":3,"minecraft:blaze_powder":16,"minecraft:stone":3,"minecraft:bookshelf":15,"minecraft:shulker_box":9,"minecraft:hopper":15,"minecraft:diamond_helmet":2,"minecraft:bow":26,"minecraft:diamond_leggings":1,"minecraft:chest":34,"minecraft:stone_hoe":2,"minecraft:ender_eye":14,"minecraft:smoker":1,"minecraft:oak_slab":186,"minecraft:emerald":1072,"minecraft:diamond_axe":2,"minecraft:crafting_table":10,"minecraft:spruce_planks":10368,"minecraft:wooden_pickaxe":2,"minecraft:baked_potato":351,"minecraft:smithing_table":1,"minecraft:fletching_table":26,"minecraft:oak_wood":3,"minecraft:birch_planks":28,"minecraft:spruce_trapdoor":44,"minecraft:wooden_hoe":1,"minecraft:paper":63,"minecraft:diamond_pickaxe":2,"minecraft:charcoal":159,"minecraft:shield":1,"minecraft:stick":16097,"minecraft:stone_slab":6,"minecraft:iron_ingot":9,"minecraft:iron_block":3,"minecraft:stone_sword":4,"minecraft:gold_ingot":117,"minecraft:composter":5,"minecraft:spruce_fence_gate":15,"minecraft:shears":2,"minecraft:coarse_dirt":196,"minecraft:stone_shovel":2,"minecraft:furnace":2,"minecraft:bone_meal":660,"minecraft:spruce_fence":57,"minecraft:white_carpet":9,"minecraft:iron_axe":10,"minecraft:ladder":129,"minecraft:spruce_slab":2970,"minecraft:stone_pickaxe":30,"minecraft:diamond_boots":1,"minecraft:spruce_boat":9,"minecraft:golden_helmet":1,"minecraft:birch_sign":6,"minecraft:diamond_sword":1,"minecraft:iron_sword":10,"minecraft:bucket":3,"minecraft:stone_axe":19,"minecraft:enchanted_book":40,"minecraft:air":0,"minecraft:white_wool":46,"minecraft:golden_apple":1,"minecraft:anvil":1,"minecraft:white_bed":13,"minecraft:torch":236,"minecraft:firework_rocket":189,"minecraft:diamond_chestplate":2},"minecraft:custom":{"minecraft:interact_with_crafting_table":244,"minecraft:open_shulker_box":123,"minecraft:leave_game":23,"minecraft:time_since_death":459035,"minecraft:damage_resisted":182,"minecraft:sprint_one_cm":2794064,"minecraft:damage_blocked_by_shield":1641,"minecraft:drop":965,"minecraft:talked_to_villager":579,"minecraft:play_time":1643986,"minecraft:deaths":15,"minecraft:jump":21792,"minecraft:interact_with_brewingstand":1,"minecraft:walk_on_water_one_cm":157890,"minecraft:interact_with_furnace":47,"minecraft:traded_with_villager":1164,"minecraft:sleep_in_bed":33,"minecraft:open_enderchest":43,"minecraft:damage_dealt":63769,"minecraft:player_kills":4,"minecraft:crouch_one_cm":895366,"minecraft:interact_with_smoker":60,"minecraft:use_cauldron":10,"minecraft:interact_with_smithing_table":2,"minecraft:interact_with_anvil":33,"minecraft:mob_kills":3280,"minecraft:inspect_hopper":103,"minecraft:climb_one_cm":42817,"minecraft:walk_one_cm":2724981,"minecraft:sneak_time":248918,"minecraft:walk_under_water_one_cm":28001,"minecraft:boat_one_cm":139520,"minecraft:total_world_time":1643986,"minecraft:interact_with_grindstone":5,"minecraft:time_since_rest":33578,"minecraft:damage_absorbed":87,"minecraft:damage_taken":19294,"minecraft:swim_one_cm":17311,"minecraft:fly_one_cm":5615713,"minecraft:open_chest":1550,"minecraft:aviate_one_cm":1759827,"minecraft:fall_one_cm":394651},"minecraft:mined":{"minecraft:dragon_wall_head":1,"minecraft:spruce_planks":101,"minecraft:white_bed":40,"minecraft:oak_sapling":2,"minecraft:farmland":25,"minecraft:brewing_stand":1,"minecraft:obsidian":42,"minecraft:spruce_trapdoor":214,"minecraft:grass_block":14,"minecraft:composter":31,"minecraft:hopper":6,"minecraft:fire":73,"minecraft:fletching_table":82,"minecraft:anvil":1,"minecraft:pointed_dripstone":2,"minecraft:spruce_slab":77,"minecraft:tripwire":1,"minecraft:smoker":3,"minecraft:torch":174,"minecraft:chest":11,"minecraft:cobblestone":3072,"minecraft:grindstone":14,"minecraft:sugar_cane":89,"minecraft:oak_planks":106,"minecraft:damaged_anvil":2,"minecraft:wall_torch":71,"minecraft:cauldron":3,"minecraft:birch_sapling":2,"minecraft:birch_log":71,"minecraft:purpur_block":1,"minecraft:oak_log":609,"minecraft:sand":18,"minecraft:dirt":287,"minecraft:netherrack":32,"minecraft:oak_leaves":124,"minecraft:end_stone":63,"minecraft:shulker_box":22,"minecraft:ladder":22,"minecraft:spruce_fence":3,"minecraft:spruce_leaves":51,"minecraft:kelp":2,"minecraft:sandstone":9,"minecraft:spruce_sapling":15,"minecraft:furnace":3,"minecraft:carrots":61,"minecraft:bookshelf":15,"minecraft:potatoes":27,"minecraft:cobblestone_slab":2230,"minecraft:stripped_oak_log":7,"minecraft:ender_chest":4,"minecraft:podzol":17,"minecraft:smithing_table":4,"minecraft:oak_slab":28,"minecraft:magenta_stained_glass":2,"minecraft:crafting_table":26,"minecraft:oak_wood":8,"minecraft:lectern":106,"minecraft:purpur_pillar":4,"minecraft:birch_planks":40,"minecraft:coarse_dirt":6,"minecraft:ice":1,"minecraft:spruce_log":2482,"minecraft:birch_leaves":16,"minecraft:gravel":97,"minecraft:dripstone_block":2,"minecraft:chipped_anvil":10},"minecraft:dropped":{"minecraft:iron_sword":10,"minecraft:repeating_command_block":1,"minecraft:diamond_axe":6,"minecraft:oak_log":1,"minecraft:baked_potato":227,"minecraft:ender_pearl":2,"minecraft:glass_bottle":6,"minecraft:crafting_table":2,"minecraft:music_disc_relic":1,"minecraft:fletching_table":11,"minecraft:emerald":271,"minecraft:music_disc_13":1,"minecraft:dirt":109,"minecraft:gold_nugget":5,"minecraft:phantom_membrane":1,"minecraft:sand":1,"minecraft:sugar":1,"minecraft:music_disc_stal":1,"minecraft:white_wool":4,"minecraft:gold_ingot":204,"minecraft:bone":207,"minecraft:music_disc_blocks":1,"minecraft:stone_axe":15,"minecraft:sugar_cane":2,"minecraft:nether_brick":2,"minecraft:obsidian":3,"minecraft:music_disc_5":3,"minecraft:rotten_flesh":1537,"minecraft:enchanted_golden_apple":4,"minecraft:diamond_shovel":3,"minecraft:end_stone":45,"minecraft:music_disc_far":1,"minecraft:white_bed":3,"minecraft:carrot":106,"minecraft:mycelium":2,"minecraft:poppy":584,"minecraft:gunpowder":234,"minecraft:glowstone":1,"minecraft:ladder":76,"minecraft:spruce_slab":921,"minecraft:arrow":308,"minecraft:splash_potion":1,"minecraft:netherrack":14,"minecraft:lectern":4,"minecraft:firework_rocket":64,"minecraft:water_bucket":6,"minecraft:enchanted_book":33,"minecraft:iron_ingot":17,"minecraft:golden_helmet":1,"minecraft:dripstone_block":1,"minecraft:diamond_leggings":4,"minecraft:poisonous_potato":5,"minecraft:netherite_axe":2,"minecraft:cobblestone":2236,"minecraft:book":19,"minecraft:music_disc_pigstep":1,"minecraft:grass_block":1,"minecraft:golden_apple":1,"minecraft:stick":235,"minecraft:torch":37,"minecraft:sculk_catalyst":2,"minecraft:diamond_helmet":6,"minecraft:fire_charge":8,"minecraft:potion":1,"minecraft:iron_axe":10,"minecraft:music_disc_wait":1,"minecraft:string":3752,"minecraft:bucket":21,"minecraft:music_disc_cat":1,"minecraft:spruce_sapling":9,"minecraft:zombie_spawn_egg":1,"minecraft:stone_sword":4,"minecraft:stone_shovel":1,"minecraft:chicken":1,"minecraft:white_carpet":1,"minecraft:stone_slab":4,"minecraft:ender_eye":1,"minecraft:budding_amethyst":2,"minecraft:shears":2,"minecraft:diamond_sword":3,"minecraft:potato":9,"minecraft:cobblestone_slab":808,"minecraft:spruce_boat":6,"minecraft:shield":2,"minecraft:diamond_chestplate":5,"minecraft:spruce_planks":2,"minecraft:spruce_trapdoor":354,"minecraft:dragon_egg":1,"minecraft:diamond_pickaxe":6,"minecraft:oak_sapling":5,"minecraft:end_portal_frame":1,"minecraft:golden_sword":128,"minecraft:spider_eye":1,"minecraft:spruce_log":256,"minecraft:diamond_boots":5,"minecraft:bow":20,"minecraft:stone_pickaxe":58,"minecraft:wooden_pickaxe":6,"minecraft:music_disc_mellohi":1},"minecraft:killed_by":{"minecraft:witch":1,"minecraft:zombie":1,"minecraft:player":1,"minecraft:warden":1},"minecraft:killed":{"minecraft:zombified_piglin":4,"minecraft:witch":4,"minecraft:spider":27,"minecraft:shulker":28,"minecraft:skeleton":294,"minecraft:chicken":3,"minecraft:cat":6,"minecraft:magma_cube":16,"minecraft:piglin":5,"minecraft:zombie_villager":4,"minecraft:iron_golem":1,"minecraft:creeper":302,"minecraft:trader_llama":2,"minecraft:zombie":347,"minecraft:ghast":2,"minecraft:blaze":22,"minecraft:phantom":3,"minecraft:warden":1,"minecraft:wandering_trader":1,"minecraft:villager":1,"minecraft:enderman":9},"minecraft:broken":{"minecraft:stone_pickaxe":14,"minecraft:stone_axe":14,"minecraft:stone_sword":3,"minecraft:stone_hoe":1},"minecraft:picked_up":{"minecraft:ender_chest":3,"minecraft:anvil":4,"minecraft:smithing_table":5,"minecraft:lead":2,"minecraft:diamond_sword":5,"minecraft:potion":3,"minecraft:enchanted_book":8,"minecraft:nether_brick":52,"minecraft:brewing_stand":1,"minecraft:golden_sword":111,"minecraft:music_disc_cat":2,"minecraft:string":6249,"minecraft:diamond_leggings":5,"minecraft:gold_nugget":1038,"minecraft:bucket":2,"minecraft:spruce_planks":425,"minecraft:cobblestone_slab":4395,"minecraft:enchanted_golden_apple":1,"minecraft:iron_boots":1,"minecraft:furnace":3,"minecraft:stick":1719,"minecraft:music_disc_blocks":1,"minecraft:composter":32,"minecraft:torch":484,"minecraft:purpur_pillar":3,"minecraft:pointed_dripstone":2,"minecraft:music_disc_pigstep":1,"minecraft:cauldron":3,"minecraft:stone_sword":6,"minecraft:rotten_flesh":1429,"minecraft:iron_block":35,"minecraft:music_disc_wait":1,"minecraft:blaze_rod":15,"minecraft:obsidian":61,"minecraft:cobblestone":8232,"minecraft:birch_log":71,"minecraft:cooked_beef":2,"minecraft:magma_cream":3,"minecraft:water_bucket":9,"minecraft:smoker":3,"minecraft:potato":81,"minecraft:flint":52,"minecraft:dirt":386,"minecraft:twisting_vines":1,"minecraft:bone":694,"minecraft:chipped_anvil":10,"minecraft:bow":38,"minecraft:grindstone":14,"minecraft:fletching_table":84,"minecraft:diamond_helmet":6,"minecraft:oak_planks":102,"minecraft:music_disc_13":2,"minecraft:poisonous_potato":2,"minecraft:sand":18,"minecraft:spectral_arrow":151,"minecraft:shulker_box":22,"minecraft:sugar":1,"minecraft:spruce_boat":66,"minecraft:bone_meal":106,"minecraft:golden_apple":3,"minecraft:emerald":290,"minecraft:oak_sapling":229,"minecraft:netherrack":233,"minecraft:diamond_pickaxe":7,"minecraft:music_disc_5":3,"minecraft:charcoal":104,"minecraft:coarse_dirt":6,"minecraft:crafting_table":26,"minecraft:splash_potion":3,"minecraft:chicken":1,"minecraft:ladder":133,"minecraft:wooden_pickaxe":2,"minecraft:dragon_head":1,"minecraft:purpur_block":1,"minecraft:shield":2,"minecraft:elytra":1,"minecraft:white_carpet":5,"minecraft:blackstone":68,"minecraft:echo_shard":4,"minecraft:poppy":7,"minecraft:spruce_slab":63,"minecraft:lectern":111,"minecraft:chest":11,"minecraft:sugar_cane":161,"minecraft:birch_sapling":30,"minecraft:spruce_trapdoor":523,"minecraft:phantom_membrane":2,"minecraft:diamond_hoe":1,"minecraft:sandstone":9,"minecraft:end_stone":71,"minecraft:music_disc_relic":2,"minecraft:music_disc_mellohi":1,"minecraft:spruce_fence":3,"minecraft:fire_charge":17,"minecraft:carrot":220,"minecraft:warden_spawn_egg":1,"minecraft:arrow":600,"minecraft:diamond_chestplate":6,"minecraft:diamond_boots":5,"minecraft:gold_ingot":166,"minecraft:white_wool":4,"minecraft:stripped_oak_log":7,"minecraft:tripwire_hook":1,"minecraft:leather":32,"minecraft:music_disc_stal":1,"minecraft:birch_planks":27,"minecraft:ice":1,"minecraft:oak_log":667,"minecraft:gunpowder":629,"minecraft:apple":18,"minecraft:kelp":2,"minecraft:iron_ingot":26,"minecraft:music_disc_far":1,"minecraft:stone_pickaxe":45,"minecraft:magenta_stained_glass":2,"minecraft:glass_bottle":6,"minecraft:soul_sand":79,"minecraft:music_disc_chirp":1,"minecraft:book":56,"minecraft:sculk_catalyst":1,"minecraft:oak_slab":28,"minecraft:quartz":47,"minecraft:dripstone_block":3,"minecraft:gravel":165,"minecraft:lava_bucket":1,"minecraft:spruce_sapling":332,"minecraft:white_bed":42,"minecraft:spruce_log":2602,"minecraft:crying_obsidian":14,"minecraft:spider_eye":5,"minecraft:dragon_egg":1,"minecraft:oak_wood":8,"minecraft:firework_rocket":64,"minecraft:diamond_shovel":7,"minecraft:stone_axe":15,"minecraft:diamond_axe":6,"minecraft:baked_potato":298,"minecraft:damaged_anvil":2,"minecraft:mangrove_propagule":2,"minecraft:hopper":7,"minecraft:ender_pearl":42,"minecraft:shulker_shell":18}},"DataVersion":3463}