{"stats":{"minecraft:picked_up":{"minecraft:anvil":4,"minecraft:smithing_table":5,"minecraft:lead":2,"minecraft:diamond_sword":4,"minecraft:potion":3,"minecraft:enchanted_book":7,"minecraft:nether_brick":52,"minecraft:golden_sword":77,"minecraft:music_disc_cat":2,"minecraft:string":6215,"minecraft:diamond_leggings":5,"minecraft:gold_nugget":857,"minecraft:bucket":2,"minecraft:spruce_planks":383,"minecraft:cobblestone_slab":4395,"minecraft:furnace":3,"minecraft:iron_boots":1,"minecraft:stick":1535,"minecraft:music_disc_blocks":1,"minecraft:composter":32,"minecraft:torch":465,"minecraft:pointed_dripstone":2,"minecraft:music_disc_pigstep":1,"minecraft:cauldron":3,"minecraft:stone_sword":6,"minecraft:rotten_flesh":1250,"minecraft:iron_block":35,"minecraft:music_disc_wait":1,"minecraft:blaze_rod":7,"minecraft:obsidian":25,"minecraft:cobblestone":7846,"minecraft:birch_log":71,"minecraft:cooked_beef":2,"minecraft:magma_cream":3,"minecraft:water_bucket":8,"minecraft:smoker":2,"minecraft:potato":76,"minecraft:flint":52,"minecraft:dirt":386,"minecraft:twisting_vines":1,"minecraft:bone":694,"minecraft:chipped_anvil":3,"minecraft:bow":37,"minecraft:grindstone":14,"minecraft:fletching_table":80,"minecraft:diamond_helmet":6,"minecraft:oak_planks":101,"minecraft:music_disc_13":2,"minecraft:poisonous_potato":2,"minecraft:sand":18,"minecraft:spectral_arrow":151,"minecraft:sugar":1,"minecraft:spruce_boat":66,"minecraft:bone_meal":106,"minecraft:golden_apple":3,"minecraft:emerald":160,"minecraft:oak_sapling":220,"minecraft:netherrack":233,"minecraft:diamond_pickaxe":6,"minecraft:music_disc_5":3,"minecraft:charcoal":90,"minecraft:coarse_dirt":6,"minecraft:crafting_table":25,"minecraft:splash_potion":3,"minecraft:chicken":1,"minecraft:ladder":133,"minecraft:wooden_pickaxe":2,"minecraft:shield":2,"minecraft:white_carpet":5,"minecraft:blackstone":68,"minecraft:echo_shard":4,"minecraft:spruce_slab":63,"minecraft:poppy":7,"minecraft:lectern":111,"minecraft:chest":11,"minecraft:sugar_cane":143,"minecraft:birch_sapling":30,"minecraft:diamond_hoe":1,"minecraft:spruce_trapdoor":523,"minecraft:phantom_membrane":2,"minecraft:sandstone":9,"minecraft:music_disc_relic":2,"minecraft:music_disc_mellohi":1,"minecraft:spruce_fence":3,"minecraft:fire_charge":17,"minecraft:carrot":215,"minecraft:warden_spawn_egg":1,"minecraft:arrow":600,"minecraft:diamond_chestplate":6,"minecraft:diamond_boots":5,"minecraft:gold_ingot":158,"minecraft:stripped_oak_log":6,"minecraft:tripwire_hook":1,"minecraft:leather":32,"minecraft:music_disc_stal":1,"minecraft:birch_planks":27,"minecraft:ice":1,"minecraft:oak_log":618,"minecraft:gunpowder":629,"minecraft:apple":17,"minecraft:kelp":2,"minecraft:iron_ingot":26,"minecraft:music_disc_far":1,"minecraft:stone_pickaxe":45,"minecraft:glass_bottle":4,"minecraft:soul_sand":79,"minecraft:music_disc_chirp":1,"minecraft:book":25,"minecraft:sculk_catalyst":1,"minecraft:oak_slab":28,"minecraft:quartz":47,"minecraft:dripstone_block":3,"minecraft:gravel":165,"minecraft:lava_bucket":1,"minecraft:spruce_sapling":203,"minecraft:white_bed":35,"minecraft:spruce_log":1862,"minecraft:crying_obsidian":14,"minecraft:spider_eye":5,"minecraft:oak_wood":8,"minecraft:diamond_shovel":7,"minecraft:stone_axe":15,"minecraft:diamond_axe":5,"minecraft:baked_potato":263,"minecraft:mangrove_propagule":2,"minecraft:hopper":7,"minecraft:ender_pearl":15},"minecraft:broken":{"minecraft:stone_pickaxe":14,"minecraft:stone_axe":14,"minecraft:stone_sword":3,"minecraft:stone_hoe":1},"minecraft:killed":{"minecraft:zombified_piglin":4,"minecraft:witch":4,"minecraft:spider":27,"minecraft:skeleton":294,"minecraft:chicken":3,"minecraft:cat":6,"minecraft:magma_cube":15,"minecraft:piglin":1,"minecraft:zombie_villager":4,"minecraft:iron_golem":1,"minecraft:creeper":302,"minecraft:trader_llama":2,"minecraft:zombie":347,"minecraft:ghast":2,"minecraft:blaze":18,"minecraft:phantom":3,"minecraft:warden":1,"minecraft:wandering_trader":1,"minecraft:villager":1},"minecraft:custom":{"minecraft:interact_with_crafting_table":230,"minecraft:leave_game":17,"minecraft:time_since_death":234975,"minecraft:sprint_one_cm":2302759,"minecraft:damage_blocked_by_shield":151,"minecraft:drop":799,"minecraft:talked_to_villager":478,"minecraft:play_time":1419903,"minecraft:deaths":15,"minecraft:jump":18004,"minecraft:walk_on_water_one_cm":135499,"minecraft:interact_with_furnace":44,"minecraft:traded_with_villager":856,"minecraft:sleep_in_bed":29,"minecraft:damage_dealt":49597,"minecraft:player_kills":3,"minecraft:crouch_one_cm":822570,"minecraft:interact_with_smoker":55,"minecraft:use_cauldron":8,"minecraft:interact_with_smithing_table":2,"minecraft:mob_kills":2857,"minecraft:interact_with_anvil":14,"minecraft:inspect_hopper":31,"minecraft:climb_one_cm":32104,"minecraft:walk_one_cm":2432610,"minecraft:sneak_time":228317,"minecraft:walk_under_water_one_cm":24377,"minecraft:boat_one_cm":139520,"minecraft:total_world_time":1419903,"minecraft:interact_with_grindstone":5,"minecraft:time_since_rest":38451,"minecraft:damage_absorbed":40,"minecraft:damage_taken":14400,"minecraft:swim_one_cm":15404,"minecraft:fly_one_cm":4200837,"minecraft:open_chest":1179,"minecraft:fall_one_cm":266712},"minecraft:crafted":{"minecraft:grindstone":2,"minecraft:oak_planks":204,"minecraft:cobblestone_slab":2754,"minecraft:oak_sign":3,"minecraft:stone":3,"minecraft:bookshelf":8,"minecraft:hopper":15,"minecraft:diamond_helmet":2,"minecraft:bow":20,"minecraft:diamond_leggings":1,"minecraft:chest":33,"minecraft:stone_hoe":2,"minecraft:smoker":1,"minecraft:oak_slab":186,"minecraft:emerald":789,"minecraft:diamond_axe":2,"minecraft:crafting_table":9,"minecraft:spruce_planks":7012,"minecraft:wooden_pickaxe":2,"minecraft:baked_potato":306,"minecraft:smithing_table":1,"minecraft:fletching_table":26,"minecraft:oak_wood":3,"minecraft:birch_planks":28,"minecraft:spruce_trapdoor":44,"minecraft:wooden_hoe":1,"minecraft:diamond_pickaxe":2,"minecraft:charcoal":159,"minecraft:shield":1,"minecraft:stick":9383,"minecraft:stone_slab":6,"minecraft:iron_ingot":9,"minecraft:iron_block":3,"minecraft:stone_sword":4,"minecraft:gold_ingot":79,"minecraft:composter":5,"minecraft:spruce_fence_gate":15,"minecraft:shears":2,"minecraft:coarse_dirt":196,"minecraft:stone_shovel":2,"minecraft:furnace":2,"minecraft:bone_meal":660,"minecraft:spruce_fence":57,"minecraft:white_carpet":9,"minecraft:iron_axe":10,"minecraft:ladder":129,"minecraft:spruce_slab":2970,"minecraft:stone_pickaxe":30,"minecraft:diamond_boots":1,"minecraft:spruce_boat":9,"minecraft:golden_helmet":1,"minecraft:birch_sign":6,"minecraft:diamond_sword":1,"minecraft:iron_sword":10,"minecraft:bucket":3,"minecraft:stone_axe":19,"minecraft:enchanted_book":28,"minecraft:air":0,"minecraft:white_wool":46,"minecraft:golden_apple":1,"minecraft:anvil":1,"minecraft:white_bed":13,"minecraft:torch":236,"minecraft:diamond_chestplate":2},"minecraft:used":{"minecraft:spruce_slab":2087,"minecraft:oak_sign":3,"minecraft:ladder":134,"minecraft:diamond_hoe":138,"minecraft:chest":29,"minecraft:shield":2,"minecraft:zombie_spawn_egg":60,"minecraft:rotten_flesh":5,"minecraft:carrot":133,"minecraft:obsidian":7,"minecraft:warden_spawn_egg":1,"minecraft:spruce_boat":65,"minecraft:lava_bucket":29,"minecraft:birch_sapling":14,"minecraft:netherite_boots":1,"minecraft:bow":271,"minecraft:oak_sapling":101,"minecraft:furnace":4,"minecraft:potato":45,"minecraft:diamond_boots":1,"minecraft:stone_pickaxe":2008,"minecraft:oak_planks":112,"minecraft:ender_pearl":1,"minecraft:wooden_pickaxe":30,"minecraft:composter":37,"minecraft:sugar_cane":11,"minecraft:diamond_axe":1736,"minecraft:golden_apple":2,"minecraft:sand":18,"minecraft:netherite_leggings":1,"minecraft:dripstone_block":2,"minecraft:netherite_helmet":1,"minecraft:end_stone":7,"minecraft:string":9,"minecraft:lectern":107,"minecraft:gravel":97,"minecraft:golden_helmet":1,"minecraft:fire_charge":1,"minecraft:diamond_sword":103,"minecraft:grindstone":16,"minecraft:smithing_table":6,"minecraft:ice":1,"minecraft:coarse_dirt":202,"minecraft:bone_meal":665,"minecraft:experience_bottle":32,"minecraft:netherite_sword":64,"minecraft:stone_sword":757,"minecraft:stone_shovel":141,"minecraft:spruce_planks":249,"minecraft:stone_hoe":236,"minecraft:torch":523,"minecraft:dirt":170,"minecraft:anvil":7,"minecraft:white_carpet":18,"minecraft:hopper":28,"minecraft:diamond_helmet":1,"minecraft:spruce_fence":38,"minecraft:oak_wood":11,"minecraft:chipped_anvil":3,"minecraft:bookshelf":8,"minecraft:spawner":1,"minecraft:blaze_spawn_egg":1,"minecraft:diamond_chestplate":1,"minecraft:tripwire_hook":1,"minecraft:glowstone":3,"minecraft:cooked_beef":2,"minecraft:pointed_dripstone":2,"minecraft:water_bucket":180,"minecraft:netherite_chestplate":1,"minecraft:baked_potato":301,"minecraft:cauldron":3,"minecraft:fletching_table":95,"minecraft:spruce_fence_gate":6,"minecraft:cobblestone_slab":4721,"minecraft:oak_slab":130,"minecraft:crafting_table":31,"minecraft:birch_sign":6,"minecraft:white_bed":45,"minecraft:spruce_log":17,"minecraft:smoker":3,"minecraft:oak_log":369,"minecraft:wooden_hoe":33,"minecraft:ender_eye":24,"minecraft:diamond_pickaxe":3244,"minecraft:diamond_shovel":209,"minecraft:netherite_axe":88,"minecraft:spruce_trapdoor":309,"minecraft:spruce_sapling":100,"minecraft:stone_axe":1993,"minecraft:cobblestone":3792,"minecraft:potion":7,"minecraft:bucket":200,"minecraft:end_portal_frame":25,"minecraft:kelp":1,"minecraft:diamond_leggings":1,"minecraft:splash_potion":1},"minecraft:mined":{"minecraft:spruce_planks":101,"minecraft:white_bed":35,"minecraft:oak_sapling":2,"minecraft:farmland":25,"minecraft:obsidian":15,"minecraft:spruce_trapdoor":214,"minecraft:grass_block":14,"minecraft:composter":31,"minecraft:hopper":6,"minecraft:fire":3,"minecraft:fletching_table":78,"minecraft:anvil":1,"minecraft:pointed_dripstone":2,"minecraft:spruce_slab":77,"minecraft:tripwire":1,"minecraft:smoker":2,"minecraft:torch":170,"minecraft:chest":11,"minecraft:cobblestone":2893,"minecraft:grindstone":14,"minecraft:sugar_cane":80,"minecraft:oak_planks":104,"minecraft:wall_torch":60,"minecraft:cauldron":3,"minecraft:birch_sapling":2,"minecraft:birch_log":71,"minecraft:oak_log":560,"minecraft:sand":18,"minecraft:dirt":287,"minecraft:netherrack":32,"minecraft:oak_leaves":114,"minecraft:ladder":22,"minecraft:spruce_fence":3,"minecraft:spruce_leaves":50,"minecraft:kelp":2,"minecraft:sandstone":9,"minecraft:spruce_sapling":3,"minecraft:furnace":3,"minecraft:carrots":61,"minecraft:bookshelf":8,"minecraft:potatoes":27,"minecraft:cobblestone_slab":2230,"minecraft:stripped_oak_log":6,"minecraft:podzol":17,"minecraft:smithing_table":4,"minecraft:oak_slab":28,"minecraft:crafting_table":25,"minecraft:oak_wood":8,"minecraft:lectern":106,"minecraft:birch_planks":40,"minecraft:coarse_dirt":6,"minecraft:ice":1,"minecraft:spruce_log":1742,"minecraft:birch_leaves":16,"minecraft:gravel":97,"minecraft:dripstone_block":2,"minecraft:chipped_anvil":3},"minecraft:killed_by":{"minecraft:witch":1,"minecraft:zombie":1,"minecraft:player":1,"minecraft:warden":1},"minecraft:dropped":{"minecraft:iron_sword":10,"minecraft:repeating_command_block":1,"minecraft:diamond_axe":3,"minecraft:oak_log":1,"minecraft:baked_potato":155,"minecraft:glass_bottle":2,"minecraft:crafting_table":2,"minecraft:music_disc_relic":1,"minecraft:fletching_table":11,"minecraft:music_disc_13":1,"minecraft:emerald":118,"minecraft:dirt":109,"minecraft:gold_nugget":5,"minecraft:phantom_membrane":1,"minecraft:sugar":1,"minecraft:music_disc_stal":1,"minecraft:gold_ingot":204,"minecraft:bone":207,"minecraft:music_disc_blocks":1,"minecraft:stone_axe":15,"minecraft:sugar_cane":2,"minecraft:nether_brick":2,"minecraft:obsidian":3,"minecraft:music_disc_5":3,"minecraft:rotten_flesh":1302,"minecraft:diamond_shovel":2,"minecraft:end_stone":1,"minecraft:music_disc_far":1,"minecraft:white_bed":1,"minecraft:mycelium":2,"minecraft:carrot":103,"minecraft:poppy":4,"minecraft:gunpowder":234,"minecraft:glowstone":1,"minecraft:ladder":76,"minecraft:spruce_slab":920,"minecraft:arrow":116,"minecraft:netherrack":14,"minecraft:splash_potion":1,"minecraft:lectern":4,"minecraft:enchanted_book":29,"minecraft:water_bucket":4,"minecraft:iron_ingot":17,"minecraft:golden_helmet":1,"minecraft:dripstone_block":1,"minecraft:diamond_leggings":2,"minecraft:poisonous_potato":2,"minecraft:netherite_axe":2,"minecraft:cobblestone":1430,"minecraft:music_disc_pigstep":1,"minecraft:grass_block":1,"minecraft:golden_apple":1,"minecraft:stick":43,"minecraft:torch":37,"minecraft:sculk_catalyst":2,"minecraft:diamond_helmet":3,"minecraft:fire_charge":8,"minecraft:potion":1,"minecraft:iron_axe":10,"minecraft:music_disc_wait":1,"minecraft:string":3198,"minecraft:bucket":21,"minecraft:music_disc_cat":1,"minecraft:spruce_sapling":9,"minecraft:zombie_spawn_egg":1,"minecraft:stone_sword":3,"minecraft:chicken":1,"minecraft:white_carpet":1,"minecraft:stone_slab":4,"minecraft:budding_amethyst":2,"minecraft:shears":2,"minecraft:diamond_sword":1,"minecraft:potato":4,"minecraft:cobblestone_slab":808,"minecraft:spruce_boat":5,"minecraft:shield":1,"minecraft:diamond_chestplate":3,"minecraft:spruce_planks":2,"minecraft:spruce_trapdoor":354,"minecraft:diamond_pickaxe":3,"minecraft:oak_sapling":5,"minecraft:golden_sword":93,"minecraft:spider_eye":1,"minecraft:spruce_log":256,"minecraft:diamond_boots":2,"minecraft:bow":16,"minecraft:stone_pickaxe":58,"minecraft:wooden_pickaxe":4,"minecraft:music_disc_mellohi":1}},"DataVersion":3463}