{"stats":{"minecraft:used":{"minecraft:spruce_slab":2084,"minecraft:oak_sign":3,"minecraft:diamond_hoe":138,"minecraft:ladder":134,"minecraft:chest":20,"minecraft:zombie_spawn_egg":60,"minecraft:rotten_flesh":5,"minecraft:carrot":133,"minecraft:obsidian":7,"minecraft:spruce_boat":32,"minecraft:lava_bucket":25,"minecraft:birch_sapling":14,"minecraft:bow":194,"minecraft:furnace":3,"minecraft:oak_sapling":66,"minecraft:potato":45,"minecraft:stone_pickaxe":2008,"minecraft:oak_planks":112,"minecraft:ender_pearl":1,"minecraft:wooden_pickaxe":30,"minecraft:composter":37,"minecraft:sugar_cane":10,"minecraft:diamond_axe":345,"minecraft:golden_apple":2,"minecraft:sand":18,"minecraft:dripstone_block":2,"minecraft:end_stone":7,"minecraft:string":1,"minecraft:lectern":101,"minecraft:gravel":66,"minecraft:golden_helmet":1,"minecraft:fire_charge":1,"minecraft:diamond_sword":52,"minecraft:grindstone":14,"minecraft:smithing_table":6,"minecraft:ice":1,"minecraft:coarse_dirt":202,"minecraft:bone_meal":617,"minecraft:stone_sword":757,"minecraft:stone_shovel":141,"minecraft:spruce_planks":239,"minecraft:stone_hoe":236,"minecraft:torch":459,"minecraft:dirt":160,"minecraft:anvil":3,"minecraft:white_carpet":18,"minecraft:hopper":21,"minecraft:oak_wood":11,"minecraft:spawner":1,"minecraft:blaze_spawn_egg":1,"minecraft:glowstone":3,"minecraft:cooked_beef":2,"minecraft:pointed_dripstone":2,"minecraft:water_bucket":135,"minecraft:baked_potato":256,"minecraft:cauldron":2,"minecraft:fletching_table":28,"minecraft:spruce_fence_gate":3,"minecraft:cobblestone_slab":4525,"minecraft:oak_slab":95,"minecraft:crafting_table":30,"minecraft:birch_sign":6,"minecraft:white_bed":32,"minecraft:spruce_log":4,"minecraft:smoker":2,"minecraft:oak_log":286,"minecraft:wooden_hoe":33,"minecraft:ender_eye":24,"minecraft:diamond_pickaxe":2585,"minecraft:diamond_shovel":209,"minecraft:netherite_axe":88,"minecraft:spruce_trapdoor":280,"minecraft:spruce_sapling":38,"minecraft:stone_axe":1993,"minecraft:cobblestone":2943,"minecraft:potion":5,"minecraft:bucket":148,"minecraft:end_portal_frame":25,"minecraft:kelp":1,"minecraft:splash_potion":1},"minecraft:crafted":{"minecraft:grindstone":2,"minecraft:oak_planks":160,"minecraft:cobblestone_slab":2754,"minecraft:oak_sign":3,"minecraft:stone":3,"minecraft:hopper":15,"minecraft:bow":18,"minecraft:chest":31,"minecraft:stone_hoe":2,"minecraft:smoker":1,"minecraft:oak_slab":138,"minecraft:emerald":231,"minecraft:diamond_axe":1,"minecraft:crafting_table":9,"minecraft:spruce_planks":2424,"minecraft:wooden_pickaxe":2,"minecraft:baked_potato":306,"minecraft:smithing_table":1,"minecraft:fletching_table":11,"minecraft:oak_wood":3,"minecraft:birch_planks":28,"minecraft:spruce_trapdoor":44,"minecraft:wooden_hoe":1,"minecraft:charcoal":114,"minecraft:stick":432,"minecraft:stone_slab":6,"minecraft:stone_sword":4,"minecraft:gold_ingot":65,"minecraft:composter":5,"minecraft:spruce_fence_gate":12,"minecraft:shears":2,"minecraft:coarse_dirt":196,"minecraft:stone_shovel":2,"minecraft:furnace":2,"minecraft:bone_meal":660,"minecraft:white_carpet":9,"minecraft:iron_axe":10,"minecraft:ladder":129,"minecraft:spruce_slab":2970,"minecraft:stone_pickaxe":30,"minecraft:spruce_boat":7,"minecraft:golden_helmet":1,"minecraft:birch_sign":6,"minecraft:iron_sword":10,"minecraft:bucket":1,"minecraft:stone_axe":19,"minecraft:enchanted_book":1,"minecraft:air":0,"minecraft:white_wool":46,"minecraft:golden_apple":1,"minecraft:white_bed":13,"minecraft:torch":192},"minecraft:custom":{"minecraft:interact_with_crafting_table":212,"minecraft:leave_game":15,"minecraft:time_since_death":76699,"minecraft:sprint_one_cm":1853457,"minecraft:drop":648,"minecraft:talked_to_villager":262,"minecraft:play_time":1161781,"minecraft:deaths":13,"minecraft:jump":15000,"minecraft:walk_on_water_one_cm":102768,"minecraft:interact_with_furnace":41,"minecraft:traded_with_villager":253,"minecraft:sleep_in_bed":21,"minecraft:damage_dealt":42239,"minecraft:player_kills":3,"minecraft:crouch_one_cm":789800,"minecraft:interact_with_smoker":52,"minecraft:use_cauldron":6,"minecraft:interact_with_smithing_table":2,"minecraft:mob_kills":2355,"minecraft:interact_with_anvil":2,"minecraft:inspect_hopper":20,"minecraft:climb_one_cm":29994,"minecraft:walk_one_cm":1951697,"minecraft:sneak_time":217639,"minecraft:walk_under_water_one_cm":21123,"minecraft:boat_one_cm":73429,"minecraft:total_world_time":1161781,"minecraft:interact_with_grindstone":2,"minecraft:time_since_rest":75407,"minecraft:damage_taken":12644,"minecraft:damage_absorbed":40,"minecraft:swim_one_cm":14907,"minecraft:fly_one_cm":3502130,"minecraft:open_chest":897,"minecraft:fall_one_cm":223568},"minecraft:mined":{"minecraft:spruce_planks":91,"minecraft:white_bed":22,"minecraft:oak_sapling":2,"minecraft:farmland":25,"minecraft:obsidian":15,"minecraft:spruce_trapdoor":203,"minecraft:grass_block":14,"minecraft:composter":31,"minecraft:fire":1,"minecraft:fletching_table":26,"minecraft:pointed_dripstone":2,"minecraft:spruce_slab":71,"minecraft:smoker":1,"minecraft:torch":143,"minecraft:chest":4,"minecraft:cobblestone":2324,"minecraft:grindstone":12,"minecraft:sugar_cane":79,"minecraft:oak_planks":104,"minecraft:wall_torch":50,"minecraft:cauldron":2,"minecraft:birch_sapling":2,"minecraft:birch_log":71,"minecraft:oak_log":377,"minecraft:sand":18,"minecraft:dirt":286,"minecraft:oak_leaves":58,"minecraft:ladder":22,"minecraft:spruce_leaves":39,"minecraft:kelp":2,"minecraft:sandstone":9,"minecraft:spruce_sapling":1,"minecraft:furnace":2,"minecraft:carrots":61,"minecraft:potatoes":27,"minecraft:cobblestone_slab":2224,"minecraft:stripped_oak_log":1,"minecraft:podzol":17,"minecraft:smithing_table":4,"minecraft:oak_slab":19,"minecraft:crafting_table":24,"minecraft:oak_wood":8,"minecraft:lectern":100,"minecraft:birch_planks":40,"minecraft:coarse_dirt":6,"minecraft:ice":1,"minecraft:spruce_log":680,"minecraft:birch_leaves":16,"minecraft:gravel":66,"minecraft:dripstone_block":2},"minecraft:dropped":{"minecraft:iron_sword":10,"minecraft:repeating_command_block":1,"minecraft:baked_potato":91,"minecraft:glass_bottle":2,"minecraft:crafting_table":2,"minecraft:music_disc_relic":1,"minecraft:fletching_table":11,"minecraft:music_disc_13":1,"minecraft:emerald":118,"minecraft:dirt":109,"minecraft:phantom_membrane":1,"minecraft:sugar":1,"minecraft:music_disc_stal":1,"minecraft:gold_ingot":204,"minecraft:bone":207,"minecraft:music_disc_blocks":1,"minecraft:stone_axe":15,"minecraft:nether_brick":2,"minecraft:obsidian":3,"minecraft:music_disc_5":3,"minecraft:rotten_flesh":1019,"minecraft:end_stone":1,"minecraft:music_disc_far":1,"minecraft:white_bed":1,"minecraft:mycelium":2,"minecraft:carrot":103,"minecraft:poppy":4,"minecraft:gunpowder":234,"minecraft:glowstone":1,"minecraft:ladder":76,"minecraft:spruce_slab":920,"minecraft:arrow":116,"minecraft:splash_potion":1,"minecraft:lectern":4,"minecraft:water_bucket":1,"minecraft:iron_ingot":17,"minecraft:golden_helmet":1,"minecraft:dripstone_block":1,"minecraft:poisonous_potato":2,"minecraft:netherite_axe":2,"minecraft:cobblestone":1044,"minecraft:music_disc_pigstep":1,"minecraft:grass_block":1,"minecraft:golden_apple":1,"minecraft:stick":43,"minecraft:torch":36,"minecraft:sculk_catalyst":2,"minecraft:fire_charge":8,"minecraft:potion":1,"minecraft:iron_axe":10,"minecraft:music_disc_wait":1,"minecraft:string":3070,"minecraft:bucket":5,"minecraft:music_disc_cat":1,"minecraft:spruce_sapling":8,"minecraft:zombie_spawn_egg":1,"minecraft:stone_sword":3,"minecraft:white_carpet":1,"minecraft:stone_slab":4,"minecraft:budding_amethyst":2,"minecraft:shears":2,"minecraft:cobblestone_slab":231,"minecraft:potato":4,"minecraft:spruce_boat":5,"minecraft:spruce_planks":1,"minecraft:spruce_trapdoor":97,"minecraft:diamond_pickaxe":1,"minecraft:oak_sapling":5,"minecraft:golden_sword":43,"minecraft:spider_eye":1,"minecraft:spruce_log":64,"minecraft:bow":16,"minecraft:stone_pickaxe":58,"minecraft:wooden_pickaxe":4,"minecraft:music_disc_mellohi":1},"minecraft:killed_by":{"minecraft:witch":1,"minecraft:zombie":1,"minecraft:player":1},"minecraft:killed":{"minecraft:zombified_piglin":3,"minecraft:witch":4,"minecraft:spider":27,"minecraft:skeleton":294,"minecraft:chicken":2,"minecraft:cat":6,"minecraft:magma_cube":13,"minecraft:zombie_villager":4,"minecraft:iron_golem":1,"minecraft:creeper":302,"minecraft:trader_llama":2,"minecraft:zombie":347,"minecraft:ghast":2,"minecraft:blaze":1,"minecraft:phantom":3,"minecraft:wandering_trader":1,"minecraft:villager":1},"minecraft:broken":{"minecraft:stone_pickaxe":14,"minecraft:stone_axe":14,"minecraft:stone_sword":3,"minecraft:stone_hoe":1},"minecraft:picked_up":{"minecraft:anvil":3,"minecraft:smithing_table":5,"minecraft:lead":2,"minecraft:diamond_sword":2,"minecraft:potion":3,"minecraft:enchanted_book":6,"minecraft:nether_brick":52,"minecraft:golden_sword":43,"minecraft:music_disc_cat":2,"minecraft:string":5386,"minecraft:diamond_leggings":2,"minecraft:gold_nugget":628,"minecraft:bucket":2,"minecraft:spruce_planks":191,"minecraft:cobblestone_slab":3057,"minecraft:furnace":2,"minecraft:iron_boots":1,"minecraft:stick":1341,"minecraft:music_disc_blocks":1,"minecraft:composter":32,"minecraft:torch":420,"minecraft:pointed_dripstone":2,"minecraft:music_disc_pigstep":1,"minecraft:cauldron":2,"minecraft:stone_sword":6,"minecraft:rotten_flesh":967,"minecraft:blaze_rod":1,"minecraft:music_disc_wait":1,"minecraft:obsidian":25,"minecraft:cobblestone":6771,"minecraft:birch_log":71,"minecraft:cooked_beef":2,"minecraft:water_bucket":5,"minecraft:smoker":1,"minecraft:potato":76,"minecraft:flint":22,"minecraft:dirt":385,"minecraft:twisting_vines":1,"minecraft:bone":640,"minecraft:bow":35,"minecraft:grindstone":12,"minecraft:fletching_table":28,"minecraft:diamond_helmet":2,"minecraft:oak_planks":101,"minecraft:music_disc_13":2,"minecraft:poisonous_potato":2,"minecraft:sand":18,"minecraft:spectral_arrow":84,"minecraft:sugar":1,"minecraft:spruce_boat":33,"minecraft:golden_apple":3,"minecraft:emerald":47,"minecraft:oak_sapling":148,"minecraft:netherrack":219,"minecraft:diamond_pickaxe":3,"minecraft:music_disc_5":3,"minecraft:charcoal":53,"minecraft:coarse_dirt":6,"minecraft:crafting_table":24,"minecraft:splash_potion":3,"minecraft:ladder":133,"minecraft:wooden_pickaxe":2,"minecraft:white_carpet":5,"minecraft:blackstone":68,"minecraft:lectern":105,"minecraft:spruce_slab":60,"minecraft:poppy":7,"minecraft:chest":4,"minecraft:sugar_cane":140,"minecraft:birch_sapling":30,"minecraft:diamond_hoe":1,"minecraft:spruce_trapdoor":291,"minecraft:phantom_membrane":2,"minecraft:sandstone":9,"minecraft:music_disc_relic":2,"minecraft:music_disc_mellohi":1,"minecraft:fire_charge":17,"minecraft:carrot":215,"minecraft:arrow":580,"minecraft:diamond_chestplate":2,"minecraft:diamond_boots":2,"minecraft:gold_ingot":143,"minecraft:stripped_oak_log":1,"minecraft:leather":32,"minecraft:music_disc_stal":1,"minecraft:birch_planks":27,"minecraft:ice":1,"minecraft:oak_log":435,"minecraft:gunpowder":629,"minecraft:apple":8,"minecraft:kelp":2,"minecraft:iron_ingot":26,"minecraft:music_disc_far":1,"minecraft:stone_pickaxe":45,"minecraft:glass_bottle":4,"minecraft:soul_sand":79,"minecraft:music_disc_chirp":1,"minecraft:book":1,"minecraft:oak_slab":19,"minecraft:quartz":47,"minecraft:dripstone_block":3,"minecraft:gravel":164,"minecraft:lava_bucket":1,"minecraft:spruce_sapling":111,"minecraft:white_bed":22,"minecraft:spruce_log":792,"minecraft:crying_obsidian":14,"minecraft:spider_eye":5,"minecraft:oak_wood":8,"minecraft:diamond_shovel":4,"minecraft:stone_axe":15,"minecraft:diamond_axe":1,"minecraft:baked_potato":129,"minecraft:mangrove_propagule":2,"minecraft:hopper":1,"minecraft:ender_pearl":8}},"DataVersion":3463}