{"stats":{"minecraft:picked_up":{"minecraft:cobblestone":19,"minecraft:diamond_pickaxe":2},"minecraft:custom":{"minecraft:jump":4,"minecraft:time_since_rest":1363,"minecraft:sprint_one_cm":75,"minecraft:play_time":1363,"minecraft:walk_on_water_one_cm":200,"minecraft:time_since_death":1363,"minecraft:walk_one_cm":683,"minecraft:total_world_time":1363,"minecraft:walk_under_water_one_cm":8,"minecraft:fly_one_cm":560},"minecraft:used":{"minecraft:diamond_pickaxe":49},"minecraft:mined":{"minecraft:cobblestone":49}},"DataVersion":3463}