{"stats":{"minecraft:used":{"minecraft:iron_shovel":104,"minecraft:spruce_slab":2273,"minecraft:ladder":5,"minecraft:chest":4,"minecraft:shield":1,"minecraft:rotten_flesh":55,"minecraft:carrot":1,"minecraft:obsidian":11,"minecraft:spruce_boat":1,"minecraft:golden_sword":14,"minecraft:bow":245,"minecraft:furnace":2,"minecraft:oak_sapling":16,"minecraft:potato":472,"minecraft:dark_oak_sapling":1,"minecraft:diamond_boots":1,"minecraft:stone_pickaxe":4728,"minecraft:oak_planks":7,"minecraft:blackstone":12,"minecraft:wooden_pickaxe":8,"minecraft:sugar_cane":13,"minecraft:diamond_axe":806,"minecraft:blast_furnace":7,"minecraft:shears":3,"minecraft:lever":2,"minecraft:string":8,"minecraft:lectern":630,"minecraft:gravel":182,"minecraft:diamond_sword":25,"minecraft:fire_charge":1,"minecraft:smithing_table":19,"minecraft:coarse_dirt":146,"minecraft:bone_meal":714,"minecraft:stone_sword":271,"minecraft:stone_shovel":436,"minecraft:spruce_planks":1,"minecraft:stone_hoe":230,"minecraft:torch":9,"minecraft:dirt":393,"minecraft:anvil":4,"minecraft:diamond_helmet":2,"minecraft:bookshelf":11,"minecraft:iron_boots":1,"minecraft:diamond_chestplate":1,"minecraft:tripwire_hook":4,"minecraft:water_bucket":28,"minecraft:birch_planks":161,"minecraft:baked_potato":147,"minecraft:cauldron":2,"minecraft:fletching_table":12,"minecraft:cobblestone_slab":2236,"minecraft:crafting_table":1,"minecraft:white_bed":2,"minecraft:spruce_log":1,"minecraft:smoker":9,"minecraft:oak_log":1,"minecraft:wooden_hoe":26,"minecraft:diamond_pickaxe":231,"minecraft:diamond_shovel":5,"minecraft:spruce_trapdoor":421,"minecraft:spruce_sapling":107,"minecraft:stone_axe":2115,"minecraft:potion":1,"minecraft:cobblestone":342,"minecraft:bucket":30,"minecraft:splash_potion":1},"minecraft:crafted":{"minecraft:oak_planks":72,"minecraft:smooth_stone":3,"minecraft:cobblestone_slab":3180,"minecraft:stone":3,"minecraft:lever":1,"minecraft:diamond_shovel":5,"minecraft:bookshelf":23,"minecraft:diamond_helmet":2,"minecraft:diamond_leggings":2,"minecraft:iron_boots":12,"minecraft:chest":1,"minecraft:stone_hoe":2,"minecraft:emerald":1500,"minecraft:cauldron":1,"minecraft:diamond_axe":1,"minecraft:spruce_planks":8760,"minecraft:baked_potato":314,"minecraft:smithing_table":1,"minecraft:fletching_table":8,"minecraft:birch_planks":268,"minecraft:spruce_trapdoor":540,"minecraft:lectern":12,"minecraft:diamond_pickaxe":6,"minecraft:book":37,"minecraft:paper":120,"minecraft:charcoal":31,"minecraft:shield":15,"minecraft:stick":12712,"minecraft:iron_ingot":8,"minecraft:iron_block":45,"minecraft:stone_sword":2,"minecraft:gold_ingot":209,"minecraft:coarse_dirt":144,"minecraft:stone_shovel":3,"minecraft:tripwire_hook":2,"minecraft:diamond_hoe":8,"minecraft:furnace":1,"minecraft:blast_furnace":1,"minecraft:bone_meal":819,"minecraft:spruce_slab":1398,"minecraft:stone_pickaxe":143,"minecraft:diamond_boots":2,"minecraft:spruce_boat":2,"minecraft:diamond_sword":2,"minecraft:bucket":3,"minecraft:stone_axe":104,"minecraft:enchanted_book":36,"minecraft:air":0,"minecraft:golden_apple":1,"minecraft:chainmail_boots":12,"minecraft:iron_shovel":1,"minecraft:anvil":3,"minecraft:diamond_chestplate":3},"minecraft:custom":{"minecraft:interact_with_crafting_table":143,"minecraft:leave_game":16,"minecraft:time_since_death":173302,"minecraft:sprint_one_cm":1807976,"minecraft:damage_blocked_by_shield":120,"minecraft:drop":924,"minecraft:talked_to_villager":1185,"minecraft:play_time":975539,"minecraft:deaths":32,"minecraft:jump":10428,"minecraft:walk_on_water_one_cm":49951,"minecraft:interact_with_furnace":19,"minecraft:traded_with_villager":1796,"minecraft:sleep_in_bed":17,"minecraft:damage_dealt":19938,"minecraft:player_kills":1,"minecraft:crouch_one_cm":315543,"minecraft:interact_with_smoker":62,"minecraft:mob_kills":4437,"minecraft:interact_with_anvil":25,"minecraft:inspect_hopper":13,"minecraft:climb_one_cm":50584,"minecraft:walk_one_cm":1700428,"minecraft:sneak_time":67874,"minecraft:walk_under_water_one_cm":10572,"minecraft:boat_one_cm":4781,"minecraft:total_world_time":975539,"minecraft:interact_with_grindstone":5,"minecraft:time_since_rest":16284,"minecraft:damage_taken":13628,"minecraft:swim_one_cm":4573,"minecraft:fly_one_cm":2500333,"minecraft:open_chest":855,"minecraft:fall_one_cm":161578},"minecraft:mined":{"minecraft:spruce_planks":6,"minecraft:white_bed":3,"minecraft:oak_sapling":2,"minecraft:farmland":84,"minecraft:spruce_trapdoor":17,"minecraft:cave_vines_plant":1,"minecraft:grass_block":30,"minecraft:composter":1,"minecraft:fire":9,"minecraft:fletching_table":5,"minecraft:anvil":4,"minecraft:twisting_vines":1,"minecraft:cave_vines":1,"minecraft:azalea_leaves":1,"minecraft:spruce_slab":29,"minecraft:tripwire":3,"minecraft:blackstone":12,"minecraft:twisting_vines_plant":2,"minecraft:smoker":9,"minecraft:torch":4,"minecraft:blast_furnace":6,"minecraft:poppy":1,"minecraft:chest":4,"minecraft:cobblestone":4450,"minecraft:sugar_cane":47,"minecraft:oak_planks":7,"minecraft:wall_torch":3,"minecraft:cauldron":1,"minecraft:pink_petals":1,"minecraft:birch_log":4,"minecraft:grass":22,"minecraft:oak_log":62,"minecraft:dark_oak_sapling":1,"minecraft:dirt":304,"minecraft:tripwire_hook":1,"minecraft:oak_leaves":9,"minecraft:ladder":5,"minecraft:spruce_leaves":17,"minecraft:moss_block":3,"minecraft:spruce_sapling":1,"minecraft:furnace":2,"minecraft:carrots":6,"minecraft:nether_sprouts":2,"minecraft:peony":1,"minecraft:bookshelf":11,"minecraft:potatoes":284,"minecraft:cobblestone_slab":185,"minecraft:podzol":46,"minecraft:smithing_table":19,"minecraft:dandelion":1,"minecraft:crafting_table":1,"minecraft:warped_roots":3,"minecraft:rose_bush":1,"minecraft:lectern":619,"minecraft:birch_planks":41,"minecraft:cactus":1,"minecraft:coarse_dirt":2,"minecraft:spruce_log":1973,"minecraft:birch_leaves":4,"minecraft:sunflower":1,"minecraft:gravel":182,"minecraft:dripstone_block":2},"minecraft:dropped":{"minecraft:oak_log":60,"minecraft:baked_potato":50,"minecraft:fletching_table":2,"minecraft:emerald":47,"minecraft:dirt":2,"minecraft:ice":1,"minecraft:sugar":2,"minecraft:birch_log":1,"minecraft:gold_ingot":453,"minecraft:bone":20,"minecraft:stone_axe":113,"minecraft:music_disc_chirp":2,"minecraft:twisting_vines":1,"minecraft:birch_sapling":18,"minecraft:rotten_flesh":2217,"minecraft:oak_planks":8,"minecraft:diamond_shovel":4,"minecraft:poppy":3,"minecraft:gunpowder":32,"minecraft:charcoal":28,"minecraft:chainmail_boots":12,"minecraft:chest":1,"minecraft:arrow":209,"minecraft:lectern":5,"minecraft:enchanted_book":7,"minecraft:water_bucket":3,"minecraft:iron_ingot":7,"minecraft:smithing_table":1,"minecraft:diamond_leggings":1,"minecraft:poisonous_potato":7,"minecraft:feather":2,"minecraft:cobblestone":2342,"minecraft:book":1,"minecraft:golden_apple":2,"minecraft:stick":908,"minecraft:lava_bucket":1,"minecraft:torch":110,"minecraft:diamond_helmet":1,"minecraft:fire_charge":9,"minecraft:string":5,"minecraft:spruce_sapling":9,"minecraft:anvil":3,"minecraft:stone_sword":1,"minecraft:diamond_hoe":7,"minecraft:composter":1,"minecraft:chicken":1,"minecraft:iron_boots":18,"minecraft:diamond_sword":1,"minecraft:cobblestone_slab":933,"minecraft:spruce_boat":3,"minecraft:shield":15,"minecraft:diamond_chestplate":2,"minecraft:spruce_trapdoor":146,"minecraft:spruce_planks":13,"minecraft:diamond_pickaxe":5,"minecraft:oak_sapling":7,"minecraft:golden_sword":288,"minecraft:spider_eye":1,"minecraft:diamond_boots":1,"minecraft:spruce_log":8,"minecraft:stone_pickaxe":109,"minecraft:bow":8},"minecraft:killed_by":{"minecraft:ghast":1,"minecraft:zombified_piglin":2,"minecraft:creeper":5,"minecraft:zombie":3,"minecraft:player":9,"minecraft:spider":1,"minecraft:skeleton":4},"minecraft:killed":{"minecraft:zombified_piglin":13,"minecraft:witch":4,"minecraft:spider":9,"minecraft:skeleton":245,"minecraft:chicken":1,"minecraft:magma_cube":29,"minecraft:piglin":1,"minecraft:zombie_villager":6,"minecraft:creeper":237,"minecraft:trader_llama":2,"minecraft:zombie":221,"minecraft:ghast":2,"minecraft:villager":2},"minecraft:broken":{"minecraft:stone_pickaxe":36,"minecraft:golden_sword":2,"minecraft:stone_axe":16,"minecraft:bow":1,"minecraft:stone_shovel":3,"minecraft:stone_sword":2,"minecraft:stone_hoe":2,"minecraft:wooden_hoe":1},"minecraft:picked_up":{"minecraft:music_disc_strad":2,"minecraft:anvil":4,"minecraft:smithing_table":19,"minecraft:lead":2,"minecraft:potion":9,"minecraft:enchanted_book":3,"minecraft:nether_brick":61,"minecraft:golden_sword":317,"minecraft:music_disc_cat":1,"minecraft:string":4832,"minecraft:gold_nugget":2093,"minecraft:bucket":5,"minecraft:spruce_planks":467,"minecraft:rose_bush":1,"minecraft:cobblestone_slab":1108,"minecraft:furnace":2,"minecraft:iron_boots":8,"minecraft:stick":377,"minecraft:music_disc_blocks":1,"minecraft:composter":1,"minecraft:torch":130,"minecraft:music_disc_pigstep":1,"minecraft:cauldron":2,"minecraft:stone_sword":9,"minecraft:cactus":2,"minecraft:rotten_flesh":2574,"minecraft:obsidian":11,"minecraft:cobblestone":4801,"minecraft:birch_log":4,"minecraft:pink_petals":4,"minecraft:feather":2,"minecraft:lilac":1,"minecraft:magma_cream":14,"minecraft:water_bucket":1,"minecraft:smoker":9,"minecraft:potato":1057,"minecraft:flint":16,"minecraft:dirt":620,"minecraft:twisting_vines":2,"minecraft:bone":549,"minecraft:bow":30,"minecraft:wheat_seeds":3,"minecraft:fletching_table":16,"minecraft:glowstone_dust":10,"minecraft:moss_block":3,"minecraft:stone_hoe":4,"minecraft:oak_planks":22,"minecraft:poisonous_potato":7,"minecraft:spectral_arrow":74,"minecraft:sugar":2,"minecraft:spruce_boat":8,"minecraft:lever":1,"minecraft:bone_meal":106,"minecraft:golden_apple":3,"minecraft:emerald":590,"minecraft:oak_sapling":42,"minecraft:netherrack":127,"minecraft:diamond_pickaxe":4,"minecraft:charcoal":28,"minecraft:coarse_dirt":2,"minecraft:crafting_table":3,"minecraft:splash_potion":3,"minecraft:chicken":1,"minecraft:ladder":281,"minecraft:wooden_pickaxe":1,"minecraft:shield":1,"minecraft:blackstone":280,"minecraft:iron_nugget":86,"minecraft:poppy":3,"minecraft:spruce_slab":1024,"minecraft:lectern":623,"minecraft:sugar_cane":73,"minecraft:chest":4,"minecraft:birch_sapling":22,"minecraft:spruce_trapdoor":706,"minecraft:diamond_hoe":5,"minecraft:dark_oak_sapling":1,"minecraft:music_disc_mellohi":3,"minecraft:fire_charge":18,"minecraft:music_disc_11":2,"minecraft:carrot":23,"minecraft:arrow":849,"minecraft:stone_shovel":2,"minecraft:peony":1,"minecraft:shears":3,"minecraft:gold_ingot":394,"minecraft:glow_berries":2,"minecraft:tripwire_hook":2,"minecraft:leather":27,"minecraft:music_disc_stal":1,"minecraft:birch_planks":181,"minecraft:oak_log":62,"minecraft:gunpowder":415,"minecraft:apple":6,"minecraft:iron_ingot":44,"minecraft:stone_pickaxe":60,"minecraft:soul_sand":64,"minecraft:music_disc_chirp":6,"minecraft:book":33,"minecraft:quartz":46,"minecraft:dandelion":1,"minecraft:dripstone_block":4,"minecraft:gravel":254,"minecraft:spruce_sapling":152,"minecraft:blast_furnace":7,"minecraft:white_bed":3,"minecraft:spruce_log":2036,"minecraft:crying_obsidian":26,"minecraft:spider_eye":11,"minecraft:music_disc_mall":1,"minecraft:diamond_shovel":5,"minecraft:stone_axe":58,"minecraft:warped_roots":1,"minecraft:baked_potato":339,"minecraft:sunflower":1}},"DataVersion":3463}