{"stats":{"minecraft:used":{"minecraft:iron_shovel":104,"minecraft:dispenser":42,"minecraft:spruce_slab":2274,"minecraft:elytra":15,"minecraft:ladder":5,"minecraft:chest":13,"minecraft:shield":199,"minecraft:rotten_flesh":55,"minecraft:spruce_leaves":3,"minecraft:carrot":1,"minecraft:obsidian":40,"minecraft:spruce_boat":1,"minecraft:lava_bucket":3,"minecraft:golden_sword":14,"minecraft:bow":525,"minecraft:oak_sapling":16,"minecraft:furnace":2,"minecraft:potato":614,"minecraft:dark_oak_sapling":1,"minecraft:damaged_anvil":2,"minecraft:diamond_boots":2,"minecraft:oak_planks":7,"minecraft:stone_pickaxe":4728,"minecraft:ender_pearl":61,"minecraft:blackstone":12,"minecraft:wooden_pickaxe":8,"minecraft:sugar_cane":15,"minecraft:diamond_axe":1130,"minecraft:blast_furnace":7,"minecraft:end_stone":72,"minecraft:shears":2009,"minecraft:lever":2,"minecraft:firework_rocket":96,"minecraft:string":10,"minecraft:lectern":630,"minecraft:deepslate":1,"minecraft:gravel":182,"minecraft:diamond_sword":501,"minecraft:fire_charge":1,"minecraft:smithing_table":19,"minecraft:oak_boat":12,"minecraft:coarse_dirt":146,"minecraft:bone_meal":714,"minecraft:stone_sword":271,"minecraft:stone_shovel":436,"minecraft:spruce_planks":68,"minecraft:stone_hoe":230,"minecraft:netherrack":7,"minecraft:torch":127,"minecraft:brewing_stand":5,"minecraft:dirt":393,"minecraft:anvil":4,"minecraft:hopper":49,"minecraft:diamond_helmet":3,"minecraft:shulker_box":38,"minecraft:bookshelf":12,"minecraft:iron_boots":1,"minecraft:diamond_chestplate":17,"minecraft:tripwire_hook":4,"minecraft:water_bucket":142,"minecraft:birch_planks":161,"minecraft:baked_potato":347,"minecraft:cauldron":2,"minecraft:fletching_table":12,"minecraft:cobblestone_slab":9481,"minecraft:crafting_table":12,"minecraft:white_bed":11,"minecraft:spruce_log":2,"minecraft:smoker":11,"minecraft:oak_log":1,"minecraft:wooden_hoe":26,"minecraft:ender_eye":1,"minecraft:diamond_pickaxe":5049,"minecraft:diamond_shovel":5,"minecraft:spruce_trapdoor":740,"minecraft:spruce_sapling":139,"minecraft:stone_axe":2115,"minecraft:potion":1,"minecraft:cobblestone":987,"minecraft:bucket":148,"minecraft:diamond_leggings":1,"minecraft:splash_potion":1},"minecraft:crafted":{"minecraft:smooth_stone":3,"minecraft:oak_planks":328,"minecraft:cobblestone_slab":10362,"minecraft:stone":3,"minecraft:lever":1,"minecraft:diamond_shovel":5,"minecraft:bookshelf":24,"minecraft:shulker_box":7,"minecraft:hopper":40,"minecraft:diamond_helmet":2,"minecraft:bow":36,"minecraft:diamond_leggings":2,"minecraft:iron_boots":12,"minecraft:chest":76,"minecraft:stone_hoe":2,"minecraft:emerald":2035,"minecraft:arrow":608,"minecraft:cauldron":1,"minecraft:diamond_axe":1,"minecraft:crafting_table":3,"minecraft:spruce_planks":10403,"minecraft:baked_potato":579,"minecraft:smithing_table":1,"minecraft:fletching_table":8,"minecraft:brewing_stand":3,"minecraft:birch_planks":268,"minecraft:dispenser":31,"minecraft:spruce_trapdoor":818,"minecraft:lectern":12,"minecraft:book":40,"minecraft:paper":243,"minecraft:diamond_pickaxe":6,"minecraft:charcoal":31,"minecraft:shield":15,"minecraft:stick":12776,"minecraft:iron_ingot":278,"minecraft:iron_block":426,"minecraft:stone_sword":2,"minecraft:gold_ingot":311,"minecraft:shears":15,"minecraft:coarse_dirt":144,"minecraft:redstone":192,"minecraft:stone_shovel":3,"minecraft:tripwire_hook":2,"minecraft:diamond_hoe":8,"minecraft:furnace":1,"minecraft:blast_furnace":1,"minecraft:bone_meal":819,"minecraft:spruce_slab":1404,"minecraft:stone_pickaxe":143,"minecraft:diamond_boots":2,"minecraft:spruce_boat":2,"minecraft:observer":31,"minecraft:diamond_sword":2,"minecraft:bucket":4,"minecraft:stone_axe":104,"minecraft:enchanted_book":40,"minecraft:air":0,"minecraft:oak_boat":1,"minecraft:white_wool":64,"minecraft:golden_apple":1,"minecraft:chainmail_boots":12,"minecraft:iron_shovel":1,"minecraft:anvil":3,"minecraft:white_bed":20,"minecraft:torch":164,"minecraft:firework_rocket":369,"minecraft:diamond_chestplate":3},"minecraft:custom":{"minecraft:interact_with_crafting_table":235,"minecraft:open_shulker_box":57,"minecraft:leave_game":31,"minecraft:time_since_death":248360,"minecraft:sprint_one_cm":3016936,"minecraft:damage_blocked_by_shield":14393,"minecraft:drop":1109,"minecraft:talked_to_villager":1314,"minecraft:play_time":1598749,"minecraft:deaths":42,"minecraft:jump":18511,"minecraft:walk_on_water_one_cm":85090,"minecraft:interact_with_furnace":32,"minecraft:traded_with_villager":2506,"minecraft:sleep_in_bed":25,"minecraft:open_enderchest":48,"minecraft:damage_dealt":50518,"minecraft:player_kills":3,"minecraft:crouch_one_cm":551981,"minecraft:interact_with_smoker":108,"minecraft:inspect_dispenser":2,"minecraft:interact_with_anvil":42,"minecraft:mob_kills":6268,"minecraft:inspect_hopper":118,"minecraft:climb_one_cm":68276,"minecraft:walk_one_cm":3036189,"minecraft:sneak_time":120872,"minecraft:walk_under_water_one_cm":31152,"minecraft:boat_one_cm":4847,"minecraft:total_world_time":1598749,"minecraft:interact_with_grindstone":5,"minecraft:interact_with_stonecutter":5,"minecraft:time_since_rest":13993,"minecraft:damage_taken":24115,"minecraft:swim_one_cm":16051,"minecraft:fly_one_cm":5952938,"minecraft:open_chest":1346,"minecraft:aviate_one_cm":2804597,"minecraft:fall_one_cm":403651},"minecraft:mined":{"minecraft:white_bed":8,"minecraft:spruce_planks":73,"minecraft:oak_sapling":2,"minecraft:farmland":84,"minecraft:brewing_stand":2,"minecraft:obsidian":7,"minecraft:spruce_trapdoor":31,"minecraft:cave_vines_plant":1,"minecraft:grass_block":30,"minecraft:purpur_slab":1,"minecraft:composter":1,"minecraft:hopper":9,"minecraft:fire":21,"minecraft:fletching_table":5,"minecraft:anvil":4,"minecraft:twisting_vines":1,"minecraft:cave_vines":1,"minecraft:azalea_leaves":1,"minecraft:spruce_slab":29,"minecraft:tripwire":4,"minecraft:blackstone":12,"minecraft:twisting_vines_plant":2,"minecraft:smoker":11,"minecraft:torch":9,"minecraft:blast_furnace":6,"minecraft:poppy":1,"minecraft:chest":6,"minecraft:cobblestone":8454,"minecraft:sugar_cane":124,"minecraft:oak_planks":7,"minecraft:damaged_anvil":2,"minecraft:wall_torch":7,"minecraft:cauldron":1,"minecraft:pink_petals":1,"minecraft:birch_log":4,"minecraft:purpur_block":1,"minecraft:grass":22,"minecraft:oak_log":62,"minecraft:dark_oak_sapling":1,"minecraft:dirt":304,"minecraft:tripwire_hook":1,"minecraft:dispenser":12,"minecraft:netherrack":6,"minecraft:oak_leaves":9,"minecraft:deepslate":1,"minecraft:shulker_box":37,"minecraft:end_stone":106,"minecraft:ladder":5,"minecraft:spruce_leaves":2024,"minecraft:moss_block":3,"minecraft:spruce_sapling":1,"minecraft:furnace":2,"minecraft:carrots":6,"minecraft:nether_sprouts":2,"minecraft:peony":1,"minecraft:bookshelf":12,"minecraft:potatoes":434,"minecraft:cobblestone_slab":807,"minecraft:podzol":46,"minecraft:smithing_table":19,"minecraft:magenta_stained_glass":5,"minecraft:dandelion":1,"minecraft:crafting_table":12,"minecraft:warped_roots":3,"minecraft:rose_bush":1,"minecraft:lectern":619,"minecraft:birch_planks":41,"minecraft:cactus":1,"minecraft:coarse_dirt":2,"minecraft:white_carpet":2,"minecraft:spruce_log":2196,"minecraft:birch_leaves":4,"minecraft:sunflower":1,"minecraft:gravel":182,"minecraft:dripstone_block":2},"minecraft:dropped":{"minecraft:diamond_axe":1,"minecraft:oak_log":60,"minecraft:baked_potato":146,"minecraft:crafting_table":1,"minecraft:fletching_table":2,"minecraft:elytra":1,"minecraft:emerald":176,"minecraft:dirt":2,"minecraft:ice":1,"minecraft:bone_meal":21,"minecraft:sugar":2,"minecraft:birch_log":1,"minecraft:white_wool":8,"minecraft:gold_ingot":749,"minecraft:bone":20,"minecraft:stone_axe":113,"minecraft:purpur_block":1,"minecraft:sugar_cane":1,"minecraft:music_disc_chirp":2,"minecraft:cobbled_deepslate":1,"minecraft:twisting_vines":1,"minecraft:birch_sapling":18,"minecraft:obsidian":2,"minecraft:rotten_flesh":2514,"minecraft:oak_planks":8,"minecraft:diamond_shovel":5,"minecraft:end_stone":4,"minecraft:white_bed":1,"minecraft:shulker_shell":12,"minecraft:poppy":3,"minecraft:gunpowder":32,"minecraft:charcoal":43,"minecraft:chest":6,"minecraft:chainmail_boots":12,"minecraft:arrow":209,"minecraft:lectern":5,"minecraft:enchanted_book":7,"minecraft:water_bucket":3,"minecraft:iron_ingot":7,"minecraft:smithing_table":1,"minecraft:diamond_leggings":1,"minecraft:poisonous_potato":9,"minecraft:purpur_slab":1,"minecraft:feather":2,"minecraft:cobblestone":2983,"minecraft:book":1,"minecraft:apple":1,"minecraft:golden_apple":2,"minecraft:stick":911,"minecraft:lava_bucket":1,"minecraft:torch":116,"minecraft:diamond_helmet":1,"minecraft:fire_charge":9,"minecraft:string":15,"minecraft:spruce_sapling":15,"minecraft:anvil":3,"minecraft:stone_sword":1,"minecraft:diamond_hoe":7,"minecraft:composter":1,"minecraft:chicken":1,"minecraft:iron_boots":18,"minecraft:shulker_box":1,"minecraft:diamond_sword":1,"minecraft:cobblestone_slab":1061,"minecraft:spruce_boat":5,"minecraft:shield":15,"minecraft:diamond_chestplate":2,"minecraft:spruce_trapdoor":147,"minecraft:spruce_planks":15,"minecraft:diamond_pickaxe":5,"minecraft:dragon_egg":1,"minecraft:oak_boat":1,"minecraft:oak_sapling":15,"minecraft:golden_sword":313,"minecraft:spider_eye":2,"minecraft:spruce_log":10,"minecraft:diamond_boots":1,"minecraft:stone_pickaxe":109,"minecraft:bow":9},"minecraft:killed_by":{"minecraft:ghast":1,"minecraft:zombified_piglin":2,"minecraft:creeper":5,"minecraft:zombie":3,"minecraft:player":11,"minecraft:spider":1,"minecraft:ender_dragon":3,"minecraft:warden":1,"minecraft:skeleton":4},"minecraft:killed":{"minecraft:zombified_piglin":19,"minecraft:witch":4,"minecraft:spider":11,"minecraft:shulker":24,"minecraft:skeleton":246,"minecraft:chicken":3,"minecraft:magma_cube":123,"minecraft:piglin":1,"minecraft:zombie_villager":6,"minecraft:ender_dragon":1,"minecraft:creeper":237,"minecraft:trader_llama":2,"minecraft:zombie":222,"minecraft:ghast":3,"minecraft:blaze":3,"minecraft:endermite":1,"minecraft:villager":2,"minecraft:enderman":48},"minecraft:broken":{"minecraft:shears":8,"minecraft:stone_pickaxe":36,"minecraft:golden_sword":2,"minecraft:stone_axe":16,"minecraft:bow":1,"minecraft:stone_shovel":3,"minecraft:stone_sword":2,"minecraft:stone_hoe":2,"minecraft:wooden_hoe":1},"minecraft:picked_up":{"minecraft:shulker_shell":40,"minecraft:music_disc_strad":2,"minecraft:anvil":4,"minecraft:smithing_table":19,"minecraft:lead":2,"minecraft:diamond_sword":6,"minecraft:potion":15,"minecraft:enchanted_book":29,"minecraft:nether_brick":127,"minecraft:brewing_stand":2,"minecraft:golden_sword":342,"minecraft:music_disc_cat":1,"minecraft:string":4920,"minecraft:diamond_leggings":6,"minecraft:gold_nugget":3132,"minecraft:cobbled_deepslate":1,"minecraft:bucket":5,"minecraft:spruce_planks":532,"minecraft:rose_bush":1,"minecraft:cobblestone_slab":2288,"minecraft:ender_eye":1,"minecraft:enchanted_golden_apple":1,"minecraft:furnace":2,"minecraft:iron_boots":11,"minecraft:stick":380,"minecraft:music_disc_blocks":1,"minecraft:composter":1,"minecraft:torch":186,"minecraft:music_disc_pigstep":1,"minecraft:cauldron":2,"minecraft:stone_sword":9,"minecraft:cactus":2,"minecraft:rotten_flesh":2882,"minecraft:blaze_rod":3,"minecraft:obsidian":31,"minecraft:cobblestone":11385,"minecraft:birch_log":4,"minecraft:pink_petals":4,"minecraft:feather":2,"minecraft:lilac":1,"minecraft:magma_cream":46,"minecraft:water_bucket":4,"minecraft:smoker":12,"minecraft:potato":1699,"minecraft:flint":16,"minecraft:dirt":682,"minecraft:twisting_vines":2,"minecraft:bone":598,"minecraft:bow":35,"minecraft:wheat_seeds":3,"minecraft:fletching_table":16,"minecraft:diamond_helmet":6,"minecraft:glowstone_dust":10,"minecraft:moss_block":3,"minecraft:stone_hoe":4,"minecraft:oak_planks":334,"minecraft:poisonous_potato":10,"minecraft:spectral_arrow":236,"minecraft:shulker_box":44,"minecraft:dispenser":12,"minecraft:sugar":2,"minecraft:deepslate":1,"minecraft:spruce_boat":8,"minecraft:lever":1,"minecraft:bone_meal":106,"minecraft:golden_apple":3,"minecraft:emerald":720,"minecraft:oak_sapling":50,"minecraft:netherrack":237,"minecraft:diamond_pickaxe":10,"minecraft:spruce_leaves":1982,"minecraft:charcoal":127,"minecraft:coarse_dirt":2,"minecraft:crafting_table":17,"minecraft:splash_potion":3,"minecraft:chicken":1,"minecraft:ladder":281,"minecraft:wooden_pickaxe":1,"minecraft:purpur_block":1,"minecraft:shield":8,"minecraft:elytra":3,"minecraft:white_carpet":9,"minecraft:blackstone":451,"minecraft:oak_boat":12,"minecraft:iron_nugget":248,"minecraft:poppy":3,"minecraft:spruce_slab":1024,"minecraft:lectern":623,"minecraft:sugar_cane":200,"minecraft:chest":16,"minecraft:birch_sapling":22,"minecraft:spruce_trapdoor":968,"minecraft:diamond_hoe":5,"minecraft:dark_oak_sapling":1,"minecraft:end_stone":229,"minecraft:music_disc_mellohi":3,"minecraft:fire_charge":31,"minecraft:music_disc_11":2,"minecraft:carrot":23,"minecraft:arrow":1237,"minecraft:stone_shovel":2,"minecraft:diamond_chestplate":7,"minecraft:peony":1,"minecraft:shears":3,"minecraft:diamond_boots":6,"minecraft:purpur_slab":1,"minecraft:gold_ingot":583,"minecraft:glow_berries":2,"minecraft:white_wool":12,"minecraft:tripwire_hook":2,"minecraft:leather":62,"minecraft:music_disc_stal":1,"minecraft:birch_planks":181,"minecraft:oak_log":62,"minecraft:gunpowder":568,"minecraft:apple":7,"minecraft:iron_ingot":44,"minecraft:stone_pickaxe":60,"minecraft:soul_sand":91,"minecraft:music_disc_chirp":6,"minecraft:book":85,"minecraft:quartz":84,"minecraft:dandelion":1,"minecraft:dripstone_block":4,"minecraft:gravel":352,"minecraft:spruce_sapling":170,"minecraft:blast_furnace":7,"minecraft:white_bed":13,"minecraft:spruce_log":2450,"minecraft:crying_obsidian":58,"minecraft:spider_eye":13,"minecraft:dragon_egg":1,"minecraft:music_disc_mall":1,"minecraft:firework_rocket":105,"minecraft:diamond_shovel":12,"minecraft:stone_axe":58,"minecraft:diamond_axe":7,"minecraft:warped_roots":1,"minecraft:baked_potato":742,"minecraft:damaged_anvil":3,"minecraft:hopper":9,"minecraft:sunflower":1,"minecraft:ender_pearl":126}},"DataVersion":3463}