{"stats":{"minecraft:picked_up":{"minecraft:music_disc_strad":2,"minecraft:smithing_table":19,"minecraft:lead":2,"minecraft:potion":9,"minecraft:nether_brick":61,"minecraft:golden_sword":239,"minecraft:music_disc_cat":1,"minecraft:string":4831,"minecraft:gold_nugget":1754,"minecraft:bucket":5,"minecraft:spruce_planks":467,"minecraft:rose_bush":1,"minecraft:cobblestone_slab":1107,"minecraft:furnace":2,"minecraft:iron_boots":8,"minecraft:stick":377,"minecraft:music_disc_blocks":1,"minecraft:composter":1,"minecraft:torch":128,"minecraft:music_disc_pigstep":1,"minecraft:cauldron":2,"minecraft:stone_sword":9,"minecraft:cactus":2,"minecraft:rotten_flesh":2032,"minecraft:obsidian":8,"minecraft:cobblestone":4572,"minecraft:birch_log":4,"minecraft:pink_petals":4,"minecraft:feather":2,"minecraft:lilac":1,"minecraft:magma_cream":2,"minecraft:water_bucket":1,"minecraft:smoker":9,"minecraft:potato":1057,"minecraft:flint":16,"minecraft:dirt":620,"minecraft:bone":549,"minecraft:bow":30,"minecraft:wheat_seeds":3,"minecraft:fletching_table":3,"minecraft:glowstone_dust":10,"minecraft:moss_block":3,"minecraft:stone_hoe":4,"minecraft:oak_planks":22,"minecraft:poisonous_potato":7,"minecraft:spectral_arrow":74,"minecraft:sugar":2,"minecraft:spruce_boat":8,"minecraft:lever":1,"minecraft:bone_meal":106,"minecraft:golden_apple":3,"minecraft:emerald":473,"minecraft:oak_sapling":42,"minecraft:netherrack":127,"minecraft:diamond_pickaxe":3,"minecraft:charcoal":28,"minecraft:crafting_table":3,"minecraft:coarse_dirt":2,"minecraft:splash_potion":3,"minecraft:chicken":1,"minecraft:ladder":281,"minecraft:wooden_pickaxe":1,"minecraft:shield":1,"minecraft:blackstone":280,"minecraft:iron_nugget":62,"minecraft:poppy":3,"minecraft:spruce_slab":1024,"minecraft:lectern":239,"minecraft:sugar_cane":73,"minecraft:chest":3,"minecraft:birch_sapling":22,"minecraft:spruce_trapdoor":685,"minecraft:diamond_hoe":5,"minecraft:dark_oak_sapling":1,"minecraft:music_disc_mellohi":3,"minecraft:fire_charge":18,"minecraft:music_disc_11":2,"minecraft:carrot":23,"minecraft:arrow":849,"minecraft:stone_shovel":2,"minecraft:peony":1,"minecraft:shears":3,"minecraft:gold_ingot":375,"minecraft:glow_berries":2,"minecraft:tripwire_hook":2,"minecraft:leather":25,"minecraft:music_disc_stal":1,"minecraft:birch_planks":181,"minecraft:oak_log":62,"minecraft:gunpowder":415,"minecraft:apple":6,"minecraft:iron_ingot":44,"minecraft:stone_pickaxe":60,"minecraft:soul_sand":52,"minecraft:music_disc_chirp":6,"minecraft:quartz":41,"minecraft:dandelion":1,"minecraft:dripstone_block":4,"minecraft:gravel":254,"minecraft:spruce_sapling":152,"minecraft:blast_furnace":7,"minecraft:white_bed":1,"minecraft:spruce_log":1951,"minecraft:crying_obsidian":26,"minecraft:spider_eye":11,"minecraft:diamond_shovel":5,"minecraft:music_disc_mall":1,"minecraft:stone_axe":58,"minecraft:baked_potato":339,"minecraft:sunflower":1},"minecraft:broken":{"minecraft:stone_pickaxe":36,"minecraft:golden_sword":2,"minecraft:stone_axe":16,"minecraft:bow":1,"minecraft:stone_shovel":3,"minecraft:stone_sword":2,"minecraft:stone_hoe":2,"minecraft:wooden_hoe":1},"minecraft:killed":{"minecraft:zombified_piglin":13,"minecraft:witch":4,"minecraft:spider":9,"minecraft:skeleton":245,"minecraft:chicken":1,"minecraft:magma_cube":9,"minecraft:piglin":1,"minecraft:zombie_villager":6,"minecraft:creeper":237,"minecraft:trader_llama":2,"minecraft:zombie":221,"minecraft:ghast":1,"minecraft:villager":2},"minecraft:custom":{"minecraft:interact_with_crafting_table":130,"minecraft:leave_game":14,"minecraft:time_since_death":53532,"minecraft:sprint_one_cm":1547222,"minecraft:drop":796,"minecraft:talked_to_villager":595,"minecraft:play_time":855769,"minecraft:deaths":32,"minecraft:jump":9024,"minecraft:walk_on_water_one_cm":44632,"minecraft:interact_with_furnace":19,"minecraft:traded_with_villager":1322,"minecraft:sleep_in_bed":14,"minecraft:damage_dealt":18975,"minecraft:player_kills":1,"minecraft:crouch_one_cm":301379,"minecraft:interact_with_smoker":60,"minecraft:mob_kills":3792,"minecraft:inspect_hopper":13,"minecraft:climb_one_cm":46815,"minecraft:walk_one_cm":1514748,"minecraft:sneak_time":65380,"minecraft:walk_under_water_one_cm":7059,"minecraft:boat_one_cm":4781,"minecraft:total_world_time":855769,"minecraft:time_since_rest":7606,"minecraft:damage_taken":13496,"minecraft:swim_one_cm":4573,"minecraft:fly_one_cm":2079536,"minecraft:open_chest":728,"minecraft:fall_one_cm":144499},"minecraft:crafted":{"minecraft:oak_planks":72,"minecraft:smooth_stone":3,"minecraft:cobblestone_slab":2412,"minecraft:stone":3,"minecraft:lever":1,"minecraft:diamond_shovel":5,"minecraft:bookshelf":10,"minecraft:diamond_helmet":2,"minecraft:diamond_leggings":2,"minecraft:iron_boots":12,"minecraft:chest":1,"minecraft:stone_hoe":2,"minecraft:emerald":1076,"minecraft:cauldron":1,"minecraft:diamond_axe":1,"minecraft:spruce_planks":8136,"minecraft:baked_potato":314,"minecraft:smithing_table":1,"minecraft:fletching_table":8,"minecraft:birch_planks":268,"minecraft:spruce_trapdoor":540,"minecraft:lectern":10,"minecraft:charcoal":31,"minecraft:book":37,"minecraft:paper":120,"minecraft:diamond_pickaxe":3,"minecraft:shield":15,"minecraft:stick":11348,"minecraft:iron_ingot":6,"minecraft:iron_block":24,"minecraft:stone_sword":2,"minecraft:gold_ingot":179,"minecraft:coarse_dirt":144,"minecraft:stone_shovel":3,"minecraft:tripwire_hook":2,"minecraft:diamond_hoe":8,"minecraft:furnace":1,"minecraft:blast_furnace":1,"minecraft:bone_meal":819,"minecraft:spruce_slab":1386,"minecraft:stone_pickaxe":143,"minecraft:diamond_boots":2,"minecraft:spruce_boat":2,"minecraft:bucket":2,"minecraft:stone_axe":104,"minecraft:enchanted_book":5,"minecraft:air":0,"minecraft:golden_apple":1,"minecraft:chainmail_boots":12,"minecraft:iron_shovel":1,"minecraft:diamond_chestplate":2},"minecraft:used":{"minecraft:iron_shovel":104,"minecraft:spruce_slab":2272,"minecraft:ladder":5,"minecraft:chest":4,"minecraft:rotten_flesh":55,"minecraft:carrot":1,"minecraft:obsidian":11,"minecraft:spruce_boat":1,"minecraft:golden_sword":14,"minecraft:bow":210,"minecraft:furnace":2,"minecraft:oak_sapling":16,"minecraft:potato":472,"minecraft:dark_oak_sapling":1,"minecraft:stone_pickaxe":4728,"minecraft:oak_planks":7,"minecraft:blackstone":12,"minecraft:wooden_pickaxe":8,"minecraft:diamond_axe":310,"minecraft:sugar_cane":13,"minecraft:blast_furnace":7,"minecraft:shears":3,"minecraft:lever":2,"minecraft:string":8,"minecraft:lectern":239,"minecraft:gravel":182,"minecraft:fire_charge":1,"minecraft:smithing_table":19,"minecraft:coarse_dirt":146,"minecraft:bone_meal":714,"minecraft:stone_sword":271,"minecraft:stone_shovel":436,"minecraft:spruce_planks":1,"minecraft:stone_hoe":230,"minecraft:torch":8,"minecraft:dirt":365,"minecraft:iron_boots":1,"minecraft:tripwire_hook":4,"minecraft:water_bucket":20,"minecraft:birch_planks":161,"minecraft:baked_potato":132,"minecraft:cauldron":2,"minecraft:fletching_table":9,"minecraft:cobblestone_slab":2120,"minecraft:crafting_table":1,"minecraft:smoker":9,"minecraft:oak_log":1,"minecraft:wooden_hoe":26,"minecraft:diamond_pickaxe":139,"minecraft:diamond_shovel":5,"minecraft:spruce_trapdoor":414,"minecraft:spruce_sapling":107,"minecraft:stone_axe":2115,"minecraft:cobblestone":248,"minecraft:potion":1,"minecraft:bucket":21,"minecraft:splash_potion":1},"minecraft:mined":{"minecraft:spruce_planks":6,"minecraft:white_bed":1,"minecraft:oak_sapling":2,"minecraft:farmland":84,"minecraft:spruce_trapdoor":10,"minecraft:cave_vines_plant":1,"minecraft:grass_block":30,"minecraft:composter":1,"minecraft:fire":9,"minecraft:fletching_table":3,"minecraft:cave_vines":1,"minecraft:azalea_leaves":1,"minecraft:spruce_slab":28,"minecraft:tripwire":3,"minecraft:blackstone":12,"minecraft:smoker":9,"minecraft:torch":4,"minecraft:blast_furnace":6,"minecraft:poppy":1,"minecraft:chest":3,"minecraft:cobblestone":4365,"minecraft:sugar_cane":47,"minecraft:oak_planks":7,"minecraft:wall_torch":1,"minecraft:cauldron":1,"minecraft:pink_petals":1,"minecraft:birch_log":4,"minecraft:grass":22,"minecraft:oak_log":62,"minecraft:dark_oak_sapling":1,"minecraft:dirt":304,"minecraft:tripwire_hook":1,"minecraft:oak_leaves":9,"minecraft:ladder":5,"minecraft:spruce_leaves":17,"minecraft:moss_block":3,"minecraft:spruce_sapling":1,"minecraft:furnace":2,"minecraft:carrots":6,"minecraft:peony":1,"minecraft:potatoes":284,"minecraft:cobblestone_slab":182,"minecraft:podzol":46,"minecraft:smithing_table":19,"minecraft:dandelion":1,"minecraft:crafting_table":1,"minecraft:rose_bush":1,"minecraft:lectern":235,"minecraft:birch_planks":41,"minecraft:cactus":1,"minecraft:coarse_dirt":2,"minecraft:spruce_log":1887,"minecraft:birch_leaves":4,"minecraft:sunflower":1,"minecraft:gravel":182,"minecraft:dripstone_block":2},"minecraft:killed_by":{"minecraft:ghast":1,"minecraft:zombified_piglin":2,"minecraft:creeper":5,"minecraft:zombie":3,"minecraft:player":9,"minecraft:spider":1,"minecraft:skeleton":4},"minecraft:dropped":{"minecraft:oak_log":60,"minecraft:baked_potato":50,"minecraft:fletching_table":2,"minecraft:emerald":25,"minecraft:dirt":2,"minecraft:ice":1,"minecraft:sugar":2,"minecraft:birch_log":1,"minecraft:gold_ingot":453,"minecraft:bone":20,"minecraft:stone_axe":113,"minecraft:music_disc_chirp":2,"minecraft:birch_sapling":18,"minecraft:rotten_flesh":1636,"minecraft:oak_planks":8,"minecraft:diamond_shovel":4,"minecraft:poppy":3,"minecraft:gunpowder":32,"minecraft:charcoal":28,"minecraft:chainmail_boots":12,"minecraft:arrow":209,"minecraft:lectern":5,"minecraft:water_bucket":3,"minecraft:iron_ingot":7,"minecraft:smithing_table":1,"minecraft:diamond_leggings":1,"minecraft:poisonous_potato":7,"minecraft:feather":2,"minecraft:cobblestone":2342,"minecraft:golden_apple":2,"minecraft:stick":114,"minecraft:lava_bucket":1,"minecraft:torch":109,"minecraft:diamond_helmet":1,"minecraft:fire_charge":9,"minecraft:string":5,"minecraft:spruce_sapling":9,"minecraft:stone_sword":1,"minecraft:diamond_hoe":7,"minecraft:composter":1,"minecraft:chicken":1,"minecraft:iron_boots":18,"minecraft:cobblestone_slab":933,"minecraft:spruce_boat":3,"minecraft:shield":15,"minecraft:diamond_chestplate":1,"minecraft:spruce_trapdoor":146,"minecraft:spruce_planks":13,"minecraft:diamond_pickaxe":1,"minecraft:oak_sapling":7,"minecraft:golden_sword":210,"minecraft:spider_eye":1,"minecraft:diamond_boots":1,"minecraft:spruce_log":8,"minecraft:stone_pickaxe":109,"minecraft:bow":8}},"DataVersion":3463}