{"stats":{"minecraft:used":{"minecraft:iron_shovel":104,"minecraft:spruce_slab":2274,"minecraft:ladder":5,"minecraft:chest":10,"minecraft:shield":25,"minecraft:rotten_flesh":55,"minecraft:carrot":1,"minecraft:obsidian":11,"minecraft:spruce_boat":1,"minecraft:golden_sword":14,"minecraft:bow":285,"minecraft:oak_sapling":16,"minecraft:furnace":2,"minecraft:potato":484,"minecraft:dark_oak_sapling":1,"minecraft:diamond_boots":2,"minecraft:stone_pickaxe":4728,"minecraft:oak_planks":7,"minecraft:blackstone":12,"minecraft:wooden_pickaxe":8,"minecraft:sugar_cane":13,"minecraft:diamond_axe":1105,"minecraft:blast_furnace":7,"minecraft:end_stone":8,"minecraft:shears":4,"minecraft:lever":2,"minecraft:string":10,"minecraft:lectern":630,"minecraft:gravel":182,"minecraft:diamond_sword":43,"minecraft:fire_charge":1,"minecraft:smithing_table":19,"minecraft:coarse_dirt":146,"minecraft:bone_meal":714,"minecraft:stone_sword":271,"minecraft:stone_shovel":436,"minecraft:spruce_planks":68,"minecraft:stone_hoe":230,"minecraft:torch":11,"minecraft:dirt":393,"minecraft:anvil":4,"minecraft:hopper":49,"minecraft:diamond_helmet":3,"minecraft:bookshelf":11,"minecraft:iron_boots":1,"minecraft:diamond_chestplate":3,"minecraft:tripwire_hook":4,"minecraft:water_bucket":125,"minecraft:birch_planks":161,"minecraft:baked_potato":170,"minecraft:cauldron":2,"minecraft:fletching_table":12,"minecraft:cobblestone_slab":2992,"minecraft:crafting_table":2,"minecraft:white_bed":6,"minecraft:spruce_log":2,"minecraft:smoker":9,"minecraft:oak_log":1,"minecraft:wooden_hoe":26,"minecraft:ender_eye":1,"minecraft:diamond_pickaxe":828,"minecraft:diamond_shovel":5,"minecraft:spruce_trapdoor":740,"minecraft:spruce_sapling":139,"minecraft:stone_axe":2115,"minecraft:potion":1,"minecraft:cobblestone":706,"minecraft:bucket":128,"minecraft:diamond_leggings":1,"minecraft:splash_potion":1},"minecraft:crafted":{"minecraft:oak_planks":72,"minecraft:smooth_stone":3,"minecraft:cobblestone_slab":3744,"minecraft:stone":3,"minecraft:lever":1,"minecraft:diamond_shovel":5,"minecraft:bookshelf":23,"minecraft:hopper":40,"minecraft:diamond_helmet":2,"minecraft:diamond_leggings":2,"minecraft:iron_boots":12,"minecraft:chest":66,"minecraft:stone_hoe":2,"minecraft:emerald":1740,"minecraft:arrow":384,"minecraft:cauldron":1,"minecraft:diamond_axe":1,"minecraft:crafting_table":1,"minecraft:spruce_planks":10367,"minecraft:baked_potato":409,"minecraft:smithing_table":1,"minecraft:fletching_table":8,"minecraft:birch_planks":268,"minecraft:spruce_trapdoor":818,"minecraft:lectern":12,"minecraft:book":40,"minecraft:paper":120,"minecraft:diamond_pickaxe":6,"minecraft:charcoal":31,"minecraft:shield":15,"minecraft:stick":12744,"minecraft:iron_ingot":278,"minecraft:iron_block":187,"minecraft:stone_sword":2,"minecraft:gold_ingot":209,"minecraft:coarse_dirt":144,"minecraft:stone_shovel":3,"minecraft:tripwire_hook":2,"minecraft:diamond_hoe":8,"minecraft:furnace":1,"minecraft:blast_furnace":1,"minecraft:bone_meal":819,"minecraft:spruce_slab":1404,"minecraft:stone_pickaxe":143,"minecraft:diamond_boots":2,"minecraft:spruce_boat":2,"minecraft:diamond_sword":2,"minecraft:bucket":4,"minecraft:stone_axe":104,"minecraft:enchanted_book":38,"minecraft:air":0,"minecraft:golden_apple":1,"minecraft:chainmail_boots":12,"minecraft:iron_shovel":1,"minecraft:anvil":3,"minecraft:torch":36,"minecraft:diamond_chestplate":3},"minecraft:custom":{"minecraft:interact_with_crafting_table":172,"minecraft:leave_game":23,"minecraft:time_since_death":4913,"minecraft:sprint_one_cm":2054905,"minecraft:damage_blocked_by_shield":2889,"minecraft:drop":949,"minecraft:talked_to_villager":1254,"minecraft:play_time":1103005,"minecraft:deaths":37,"minecraft:jump":12306,"minecraft:walk_on_water_one_cm":70434,"minecraft:interact_with_furnace":19,"minecraft:traded_with_villager":2062,"minecraft:sleep_in_bed":20,"minecraft:damage_dealt":20889,"minecraft:player_kills":1,"minecraft:crouch_one_cm":388421,"minecraft:interact_with_smoker":76,"minecraft:mob_kills":4596,"minecraft:interact_with_anvil":39,"minecraft:inspect_hopper":14,"minecraft:climb_one_cm":60166,"minecraft:walk_one_cm":2049410,"minecraft:sneak_time":84204,"minecraft:walk_under_water_one_cm":21159,"minecraft:boat_one_cm":4781,"minecraft:total_world_time":1103005,"minecraft:interact_with_grindstone":5,"minecraft:time_since_rest":4957,"minecraft:damage_taken":15885,"minecraft:swim_one_cm":4892,"minecraft:fly_one_cm":4356734,"minecraft:open_chest":1049,"minecraft:fall_one_cm":204020},"minecraft:mined":{"minecraft:spruce_planks":71,"minecraft:white_bed":7,"minecraft:oak_sapling":2,"minecraft:farmland":84,"minecraft:spruce_trapdoor":31,"minecraft:cave_vines_plant":1,"minecraft:grass_block":30,"minecraft:composter":1,"minecraft:hopper":9,"minecraft:fire":16,"minecraft:fletching_table":5,"minecraft:anvil":4,"minecraft:twisting_vines":1,"minecraft:cave_vines":1,"minecraft:azalea_leaves":1,"minecraft:spruce_slab":29,"minecraft:tripwire":4,"minecraft:blackstone":12,"minecraft:twisting_vines_plant":2,"minecraft:smoker":9,"minecraft:torch":5,"minecraft:blast_furnace":6,"minecraft:poppy":1,"minecraft:chest":6,"minecraft:cobblestone":4565,"minecraft:sugar_cane":48,"minecraft:oak_planks":7,"minecraft:wall_torch":3,"minecraft:cauldron":1,"minecraft:pink_petals":1,"minecraft:birch_log":4,"minecraft:grass":22,"minecraft:oak_log":62,"minecraft:dark_oak_sapling":1,"minecraft:dirt":304,"minecraft:tripwire_hook":1,"minecraft:oak_leaves":9,"minecraft:end_stone":40,"minecraft:ladder":5,"minecraft:spruce_leaves":17,"minecraft:moss_block":3,"minecraft:spruce_sapling":1,"minecraft:furnace":2,"minecraft:carrots":6,"minecraft:nether_sprouts":2,"minecraft:peony":1,"minecraft:bookshelf":11,"minecraft:potatoes":296,"minecraft:cobblestone_slab":615,"minecraft:podzol":46,"minecraft:smithing_table":19,"minecraft:dandelion":1,"minecraft:crafting_table":3,"minecraft:warped_roots":3,"minecraft:rose_bush":1,"minecraft:lectern":619,"minecraft:birch_planks":41,"minecraft:cactus":1,"minecraft:coarse_dirt":2,"minecraft:white_carpet":2,"minecraft:spruce_log":2187,"minecraft:birch_leaves":4,"minecraft:sunflower":1,"minecraft:gravel":182,"minecraft:dripstone_block":2},"minecraft:dropped":{"minecraft:diamond_axe":1,"minecraft:oak_log":60,"minecraft:baked_potato":70,"minecraft:fletching_table":2,"minecraft:emerald":47,"minecraft:dirt":2,"minecraft:ice":1,"minecraft:bone_meal":21,"minecraft:sugar":2,"minecraft:birch_log":1,"minecraft:gold_ingot":453,"minecraft:bone":20,"minecraft:stone_axe":113,"minecraft:music_disc_chirp":2,"minecraft:twisting_vines":1,"minecraft:birch_sapling":18,"minecraft:rotten_flesh":2231,"minecraft:oak_planks":8,"minecraft:diamond_shovel":5,"minecraft:poppy":3,"minecraft:gunpowder":32,"minecraft:charcoal":28,"minecraft:chainmail_boots":12,"minecraft:chest":1,"minecraft:arrow":209,"minecraft:lectern":5,"minecraft:enchanted_book":7,"minecraft:water_bucket":3,"minecraft:iron_ingot":7,"minecraft:smithing_table":1,"minecraft:diamond_leggings":1,"minecraft:poisonous_potato":8,"minecraft:feather":2,"minecraft:cobblestone":2726,"minecraft:book":1,"minecraft:apple":1,"minecraft:golden_apple":2,"minecraft:stick":911,"minecraft:lava_bucket":1,"minecraft:torch":110,"minecraft:diamond_helmet":1,"minecraft:fire_charge":9,"minecraft:string":5,"minecraft:spruce_sapling":13,"minecraft:anvil":3,"minecraft:stone_sword":1,"minecraft:diamond_hoe":7,"minecraft:composter":1,"minecraft:chicken":1,"minecraft:iron_boots":18,"minecraft:diamond_sword":1,"minecraft:cobblestone_slab":933,"minecraft:spruce_boat":3,"minecraft:shield":15,"minecraft:diamond_chestplate":2,"minecraft:spruce_trapdoor":147,"minecraft:spruce_planks":13,"minecraft:diamond_pickaxe":5,"minecraft:oak_sapling":15,"minecraft:golden_sword":290,"minecraft:spider_eye":1,"minecraft:diamond_boots":1,"minecraft:spruce_log":10,"minecraft:stone_pickaxe":109,"minecraft:bow":8},"minecraft:killed_by":{"minecraft:ghast":1,"minecraft:zombified_piglin":2,"minecraft:creeper":5,"minecraft:zombie":3,"minecraft:player":9,"minecraft:spider":1,"minecraft:ender_dragon":3,"minecraft:warden":1,"minecraft:skeleton":4},"minecraft:killed":{"minecraft:zombified_piglin":13,"minecraft:witch":4,"minecraft:spider":9,"minecraft:skeleton":246,"minecraft:chicken":1,"minecraft:magma_cube":29,"minecraft:piglin":1,"minecraft:zombie_villager":6,"minecraft:creeper":237,"minecraft:trader_llama":2,"minecraft:zombie":221,"minecraft:ghast":2,"minecraft:villager":2,"minecraft:enderman":1},"minecraft:broken":{"minecraft:stone_pickaxe":36,"minecraft:golden_sword":2,"minecraft:stone_axe":16,"minecraft:bow":1,"minecraft:stone_shovel":3,"minecraft:stone_sword":2,"minecraft:stone_hoe":2,"minecraft:wooden_hoe":1},"minecraft:picked_up":{"minecraft:music_disc_strad":2,"minecraft:anvil":4,"minecraft:smithing_table":19,"minecraft:lead":2,"minecraft:diamond_sword":2,"minecraft:potion":9,"minecraft:enchanted_book":28,"minecraft:nether_brick":61,"minecraft:golden_sword":319,"minecraft:music_disc_cat":1,"minecraft:string":4885,"minecraft:diamond_leggings":2,"minecraft:gold_nugget":2207,"minecraft:bucket":5,"minecraft:spruce_planks":530,"minecraft:rose_bush":1,"minecraft:cobblestone_slab":1976,"minecraft:ender_eye":1,"minecraft:furnace":2,"minecraft:iron_boots":8,"minecraft:stick":380,"minecraft:music_disc_blocks":1,"minecraft:composter":1,"minecraft:torch":132,"minecraft:music_disc_pigstep":1,"minecraft:cauldron":2,"minecraft:stone_sword":9,"minecraft:cactus":2,"minecraft:rotten_flesh":2630,"minecraft:obsidian":11,"minecraft:cobblestone":6371,"minecraft:birch_log":4,"minecraft:pink_petals":4,"minecraft:feather":2,"minecraft:lilac":1,"minecraft:magma_cream":14,"minecraft:water_bucket":4,"minecraft:smoker":9,"minecraft:potato":1100,"minecraft:flint":16,"minecraft:dirt":620,"minecraft:twisting_vines":2,"minecraft:bone":598,"minecraft:bow":34,"minecraft:wheat_seeds":3,"minecraft:fletching_table":16,"minecraft:diamond_helmet":2,"minecraft:glowstone_dust":10,"minecraft:moss_block":3,"minecraft:stone_hoe":4,"minecraft:oak_planks":22,"minecraft:poisonous_potato":9,"minecraft:spectral_arrow":74,"minecraft:sugar":2,"minecraft:spruce_boat":8,"minecraft:lever":1,"minecraft:bone_meal":106,"minecraft:golden_apple":3,"minecraft:emerald":613,"minecraft:oak_sapling":50,"minecraft:netherrack":127,"minecraft:diamond_pickaxe":6,"minecraft:charcoal":28,"minecraft:coarse_dirt":2,"minecraft:crafting_table":5,"minecraft:splash_potion":3,"minecraft:chicken":1,"minecraft:ladder":281,"minecraft:wooden_pickaxe":1,"minecraft:shield":4,"minecraft:white_carpet":9,"minecraft:blackstone":280,"minecraft:iron_nugget":86,"minecraft:poppy":3,"minecraft:spruce_slab":1024,"minecraft:lectern":623,"minecraft:sugar_cane":73,"minecraft:chest":6,"minecraft:birch_sapling":22,"minecraft:spruce_trapdoor":968,"minecraft:diamond_hoe":5,"minecraft:dark_oak_sapling":1,"minecraft:end_stone":105,"minecraft:music_disc_mellohi":3,"minecraft:fire_charge":18,"minecraft:music_disc_11":2,"minecraft:carrot":23,"minecraft:stone_shovel":2,"minecraft:arrow":1041,"minecraft:diamond_chestplate":3,"minecraft:peony":1,"minecraft:shears":3,"minecraft:diamond_boots":2,"minecraft:gold_ingot":401,"minecraft:glow_berries":2,"minecraft:tripwire_hook":2,"minecraft:leather":27,"minecraft:music_disc_stal":1,"minecraft:birch_planks":181,"minecraft:oak_log":62,"minecraft:gunpowder":517,"minecraft:apple":7,"minecraft:iron_ingot":44,"minecraft:stone_pickaxe":60,"minecraft:soul_sand":64,"minecraft:music_disc_chirp":6,"minecraft:book":52,"minecraft:quartz":46,"minecraft:dandelion":1,"minecraft:dripstone_block":4,"minecraft:gravel":254,"minecraft:spruce_sapling":168,"minecraft:blast_furnace":7,"minecraft:white_bed":8,"minecraft:spruce_log":2441,"minecraft:crying_obsidian":26,"minecraft:spider_eye":11,"minecraft:music_disc_mall":1,"minecraft:diamond_shovel":8,"minecraft:stone_axe":58,"minecraft:diamond_axe":3,"minecraft:warped_roots":1,"minecraft:baked_potato":467,"minecraft:hopper":9,"minecraft:sunflower":1}},"DataVersion":3463}