{"stats":{"minecraft:picked_up":{"minecraft:leather":21,"minecraft:lead":2,"minecraft:potato":2,"minecraft:potion":6,"minecraft:enchanted_book":1,"minecraft:nether_brick":28,"minecraft:gunpowder":354,"minecraft:string":98,"minecraft:bone":317,"minecraft:blackstone":74,"minecraft:bow":20,"minecraft:stone_pickaxe":23,"minecraft:cobblestone_slab":1,"minecraft:glass_bottle":2,"minecraft:spruce_trapdoor":4,"minecraft:soul_sand":16,"minecraft:iron_boots":3,"minecraft:stick":29,"minecraft:torch":1,"minecraft:gravel":11,"minecraft:fire_charge":8,"minecraft:crying_obsidian":12,"minecraft:spectral_arrow":43,"minecraft:spider_eye":5,"minecraft:arrow":342,"minecraft:rotten_flesh":455,"minecraft:sugar":2,"minecraft:gold_ingot":107,"minecraft:baked_potato":3,"minecraft:netherrack":93,"minecraft:obsidian":7,"minecraft:diamond_pickaxe":2,"minecraft:cobblestone":3730,"minecraft:ender_pearl":6},"minecraft:killed":{"minecraft:witch":8,"minecraft:zombie_villager":4,"minecraft:spider":24,"minecraft:wandering_trader":1,"minecraft:creeper":426,"minecraft:skeleton":426,"minecraft:trader_llama":2,"minecraft:zombie":447,"minecraft:villager":1},"minecraft:broken":{"minecraft:stone_pickaxe":22,"minecraft:stone_sword":15},"minecraft:custom":{"minecraft:mob_kills":1342,"minecraft:interact_with_crafting_table":5,"minecraft:leave_game":9,"minecraft:time_since_death":216602,"minecraft:sleep_in_bed":2,"minecraft:time_since_rest":35618,"minecraft:sprint_one_cm":35297,"minecraft:damage_taken":1300,"minecraft:walk_one_cm":39380,"minecraft:drop":72,"minecraft:damage_dealt":30220,"minecraft:swim_one_cm":2234,"minecraft:talked_to_villager":1,"minecraft:fly_one_cm":67023,"minecraft:open_chest":44,"minecraft:crouch_one_cm":15293,"minecraft:play_time":284746,"minecraft:deaths":2,"minecraft:sneak_time":48691,"minecraft:walk_under_water_one_cm":1225,"minecraft:jump":306,"minecraft:walk_on_water_one_cm":3180,"minecraft:total_world_time":284746,"minecraft:fall_one_cm":9230},"minecraft:crafted":{"minecraft:stone_sword":25,"minecraft:gold_ingot":19},"minecraft:used":{"minecraft:stone_sword":2254,"minecraft:stone_pickaxe":2796,"minecraft:baked_potato":3,"minecraft:cobblestone_slab":5,"minecraft:netherrack":32,"minecraft:rotten_flesh":6,"minecraft:torch":1,"minecraft:diamond_pickaxe":3012,"minecraft:golden_sword":10,"minecraft:cobblestone":7,"minecraft:cooked_beef":3},"minecraft:mined":{"minecraft:torch":2,"minecraft:cobblestone":5803},"minecraft:dropped":{"minecraft:cooked_beef":2,"minecraft:stone_sword":3,"minecraft:glass_bottle":2,"minecraft:cobblestone":98,"minecraft:rotten_flesh":432,"minecraft:stick":2,"minecraft:potato":2,"minecraft:cobblestone_slab":1,"minecraft:gunpowder":328,"minecraft:spruce_trapdoor":4,"minecraft:spider_eye":5,"minecraft:arrow":325,"minecraft:bow":20,"minecraft:string":78,"minecraft:gold_ingot":207,"minecraft:bone":286}},"DataVersion":3463}