{"stats":{"minecraft:killed":{"minecraft:magma_cube":2,"minecraft:witch":8,"minecraft:zombie_villager":4,"minecraft:spider":24,"minecraft:wandering_trader":1,"minecraft:creeper":426,"minecraft:skeleton":426,"minecraft:trader_llama":2,"minecraft:zombie":447,"minecraft:villager":1},"minecraft:dropped":{"minecraft:diamond_axe":1,"minecraft:cooked_beef":2,"minecraft:stone_sword":3,"minecraft:glass_bottle":2,"minecraft:obsidian":266,"minecraft:diamond_leggings":1,"minecraft:cobblestone":99,"minecraft:rotten_flesh":432,"minecraft:stick":2,"minecraft:spruce_leaves":1,"minecraft:potato":2,"minecraft:cobblestone_slab":2,"minecraft:gunpowder":328,"minecraft:diamond_chestplate":1,"minecraft:torch":1,"minecraft:spruce_trapdoor":4,"minecraft:diamond_pickaxe":2,"minecraft:diamond_helmet":1,"minecraft:spider_eye":5,"minecraft:diamond_boots":1,"minecraft:arrow":329,"minecraft:bow":20,"minecraft:string":78,"minecraft:gold_ingot":207,"minecraft:bone":286},"minecraft:mined":{"minecraft:end_stone":4,"minecraft:obsidian":271,"minecraft:torch":3,"minecraft:cobblestone":11572,"minecraft:spruce_log":1,"minecraft:pumpkin":10,"minecraft:cobblestone_slab":1},"minecraft:crafted":{"minecraft:spruce_planks":4,"minecraft:iron_axe":1,"minecraft:stick":8,"minecraft:stone_sword":25,"minecraft:gold_ingot":19},"minecraft:used":{"minecraft:stone_sword":2254,"minecraft:stone_pickaxe":2796,"minecraft:baked_potato":10,"minecraft:cobblestone_slab":7,"minecraft:rotten_flesh":6,"minecraft:netherrack":32,"minecraft:spruce_leaves":683,"minecraft:torch":1,"minecraft:end_stone":4,"minecraft:obsidian":5,"minecraft:diamond_pickaxe":9057,"minecraft:iron_axe":9,"minecraft:golden_sword":10,"minecraft:cobblestone":9,"minecraft:cooked_beef":3},"minecraft:custom":{"minecraft:interact_with_anvil":3,"minecraft:mob_kills":1345,"minecraft:interact_with_crafting_table":6,"minecraft:open_shulker_box":1,"minecraft:leave_game":16,"minecraft:time_since_death":40393,"minecraft:sleep_in_bed":2,"minecraft:time_since_rest":40425,"minecraft:sprint_one_cm":72411,"minecraft:open_enderchest":3,"minecraft:damage_taken":1870,"minecraft:walk_one_cm":91333,"minecraft:drop":89,"minecraft:damage_dealt":30340,"minecraft:swim_one_cm":2453,"minecraft:talked_to_villager":1,"minecraft:fly_one_cm":410070,"minecraft:open_chest":94,"minecraft:play_time":450091,"minecraft:crouch_one_cm":17936,"minecraft:sneak_time":49900,"minecraft:deaths":3,"minecraft:walk_under_water_one_cm":1607,"minecraft:jump":566,"minecraft:walk_on_water_one_cm":6349,"minecraft:interact_with_smoker":1,"minecraft:total_world_time":450091,"minecraft:fall_one_cm":18871},"minecraft:picked_up":{"minecraft:leather":35,"minecraft:lead":2,"minecraft:potato":2,"minecraft:potion":6,"minecraft:enchanted_book":7,"minecraft:nether_brick":53,"minecraft:gunpowder":354,"minecraft:string":98,"minecraft:bone":317,"minecraft:blackstone":114,"minecraft:bow":20,"minecraft:diamond_leggings":1,"minecraft:stone_pickaxe":23,"minecraft:cobblestone_slab":2,"minecraft:diamond_helmet":1,"minecraft:glass_bottle":2,"minecraft:soul_sand":23,"minecraft:spruce_trapdoor":4,"minecraft:iron_boots":4,"minecraft:stick":29,"minecraft:end_stone":4,"minecraft:pumpkin":10,"minecraft:torch":2,"minecraft:quartz":17,"minecraft:gravel":33,"minecraft:fire_charge":12,"minecraft:spruce_log":1,"minecraft:crying_obsidian":19,"minecraft:spectral_arrow":61,"minecraft:spider_eye":6,"minecraft:rotten_flesh":455,"minecraft:arrow":342,"minecraft:sugar":2,"minecraft:diamond_chestplate":1,"minecraft:diamond_boots":1,"minecraft:diamond_axe":1,"minecraft:gold_ingot":107,"minecraft:baked_potato":88,"minecraft:netherrack":174,"minecraft:obsidian":279,"minecraft:ender_pearl":9,"minecraft:cobblestone":5873,"minecraft:diamond_pickaxe":6},"minecraft:broken":{"minecraft:stone_pickaxe":22,"minecraft:stone_sword":15}},"DataVersion":3463}