{"stats":{"minecraft:used":{"minecraft:oak_fence":5,"minecraft:stone_sword":45,"minecraft:birch_planks":17,"minecraft:stone_pickaxe":758,"minecraft:spruce_slab":44,"minecraft:baked_potato":35,"minecraft:oak_planks":36,"minecraft:chest":3,"minecraft:wooden_pickaxe":135,"minecraft:cobblestone_slab":281,"minecraft:oak_door":1,"minecraft:torch":13,"minecraft:dirt":4,"minecraft:crafting_table":2,"minecraft:white_bed":2,"minecraft:spruce_stairs":32,"minecraft:smoker":1,"minecraft:oak_log":24,"minecraft:wooden_axe":59,"minecraft:diamond_pickaxe":11,"minecraft:oak_stairs":6,"minecraft:spruce_sapling":2,"minecraft:stone_axe":313,"minecraft:cobblestone":158,"minecraft:bow":8,"minecraft:furnace":1,"minecraft:potato":130},"minecraft:crafted":{"minecraft:oak_door":3,"minecraft:oak_planks":140,"minecraft:cobblestone_slab":84,"minecraft:diamond_sword":1,"minecraft:emerald":229,"minecraft:diamond_axe":1,"minecraft:crafting_table":1,"minecraft:spruce_planks":180,"minecraft:baked_potato":100,"minecraft:wooden_pickaxe":3,"minecraft:furnace":2,"minecraft:diamond_shovel":1,"minecraft:birch_planks":4,"minecraft:stone_axe":4,"minecraft:enchanted_book":3,"minecraft:air":0,"minecraft:spruce_stairs":36,"minecraft:diamond_helmet":1,"minecraft:diamond_leggings":1,"minecraft:charcoal":64,"minecraft:diamond_pickaxe":1,"minecraft:shield":1,"minecraft:spruce_slab":66,"minecraft:stick":24,"minecraft:wooden_axe":1,"minecraft:stone_pickaxe":4,"minecraft:oak_stairs":8,"minecraft:diamond_boots":1,"minecraft:stone_sword":3,"minecraft:chest":2,"minecraft:oak_fence":6,"minecraft:diamond_chestplate":1,"minecraft:smoker":1},"minecraft:custom":{"minecraft:interact_with_furnace":13,"minecraft:interact_with_anvil":5,"minecraft:mob_kills":40,"minecraft:traded_with_villager":241,"minecraft:interact_with_crafting_table":30,"minecraft:interact_with_grindstone":1,"minecraft:leave_game":3,"minecraft:time_since_death":77389,"minecraft:sleep_in_bed":2,"minecraft:climb_one_cm":180,"minecraft:open_enderchest":1,"minecraft:time_since_rest":77413,"minecraft:sprint_one_cm":350237,"minecraft:damage_taken":3809,"minecraft:walk_one_cm":322222,"minecraft:drop":73,"minecraft:damage_dealt":2952,"minecraft:talked_to_villager":54,"minecraft:player_kills":7,"minecraft:swim_one_cm":2003,"minecraft:fly_one_cm":707809,"minecraft:open_chest":160,"minecraft:play_time":280801,"minecraft:crouch_one_cm":113682,"minecraft:sneak_time":59970,"minecraft:deaths":11,"minecraft:walk_under_water_one_cm":4245,"minecraft:boat_one_cm":1057,"minecraft:jump":2823,"minecraft:walk_on_water_one_cm":10981,"minecraft:total_world_time":280801,"minecraft:interact_with_smoker":14,"minecraft:fall_one_cm":37723},"minecraft:mined":{"minecraft:white_bed":1,"minecraft:crafting_table":1,"minecraft:torch":5,"minecraft:cave_vines_plant":2,"minecraft:chest":1,"minecraft:cobblestone":864,"minecraft:spruce_leaves":5,"minecraft:oak_planks":8,"minecraft:wall_torch":3,"minecraft:spruce_stairs":3,"minecraft:birch_planks":7,"minecraft:spruce_log":318,"minecraft:potatoes":130,"minecraft:oak_log":14,"minecraft:cobblestone_slab":18,"minecraft:cave_vines":2,"minecraft:flowering_azalea_leaves":1,"minecraft:oak_stairs":1,"minecraft:dirt":1,"minecraft:azalea_leaves":3},"minecraft:dropped":{"minecraft:oak_door":2,"minecraft:stone_hoe":1,"minecraft:stone_axe":9,"minecraft:birch_planks":1,"minecraft:wheat_seeds":1,"minecraft:baked_potato":7,"minecraft:stone_sword":2,"minecraft:dripstone_block":1,"minecraft:poisonous_potato":4,"minecraft:oak_fence":1,"minecraft:cobblestone":273,"minecraft:rotten_flesh":5,"minecraft:stick":11,"minecraft:potato":1,"minecraft:dirt":44,"minecraft:cobblestone_slab":13,"minecraft:gunpowder":1,"minecraft:azalea":3,"minecraft:spider_eye":1,"minecraft:spruce_log":35,"minecraft:wooden_pickaxe":1,"minecraft:stone_pickaxe":7,"minecraft:bucket":1},"minecraft:killed_by":{"minecraft:player":1,"minecraft:creeper":1,"minecraft:zombie":1},"minecraft:killed":{"minecraft:zombie_villager":1,"minecraft:spider":1,"minecraft:creeper":11,"minecraft:skeleton":18,"minecraft:zombie":8},"minecraft:broken":{"minecraft:stone_pickaxe":5,"minecraft:stone_axe":2,"minecraft:wooden_axe":1,"minecraft:wooden_pickaxe":3},"minecraft:picked_up":{"minecraft:birch_log":1,"minecraft:crafting_table":1,"minecraft:music_disc_strad":1,"minecraft:wooden_pickaxe":3,"minecraft:potato":468,"minecraft:oak_stairs":1,"minecraft:birch_planks":4,"minecraft:oak_log":14,"minecraft:gunpowder":8,"minecraft:dirt":48,"minecraft:string":3,"minecraft:bone":14,"minecraft:apple":1,"minecraft:wheat_seeds":1,"minecraft:bucket":1,"minecraft:stone_pickaxe":17,"minecraft:cobblestone_slab":83,"minecraft:azalea":3,"minecraft:chest":1,"minecraft:stone_hoe":1,"minecraft:oak_planks":10,"minecraft:book":10,"minecraft:stick":47,"minecraft:torch":36,"minecraft:spruce_stairs":3,"minecraft:poisonous_potato":6,"minecraft:dripstone_block":1,"minecraft:spruce_sapling":23,"minecraft:white_bed":2,"minecraft:spruce_log":309,"minecraft:spider_eye":1,"minecraft:arrow":14,"minecraft:rotten_flesh":8,"minecraft:stone_axe":10,"minecraft:baked_potato":43,"minecraft:glow_berries":2,"minecraft:cobblestone":732}},"DataVersion":3463}