{"stats":{"minecraft:used":{"minecraft:oak_fence":5,"minecraft:stone_sword":45,"minecraft:spruce_slab":44,"minecraft:chest":3,"minecraft:shield":1,"minecraft:oak_door":1,"minecraft:torch":13,"minecraft:dirt":4,"minecraft:spruce_stairs":32,"minecraft:shulker_box":1,"minecraft:wooden_axe":59,"minecraft:oak_stairs":6,"minecraft:bow":8,"minecraft:furnace":1,"minecraft:potato":130,"minecraft:birch_planks":17,"minecraft:stone_pickaxe":758,"minecraft:baked_potato":40,"minecraft:oak_planks":36,"minecraft:wooden_pickaxe":135,"minecraft:diamond_axe":15,"minecraft:cobblestone_slab":281,"minecraft:crafting_table":3,"minecraft:white_bed":2,"minecraft:smoker":1,"minecraft:oak_log":24,"minecraft:diamond_pickaxe":11,"minecraft:spruce_trapdoor":2,"minecraft:spruce_sapling":2,"minecraft:stone_axe":313,"minecraft:diamond_sword":1,"minecraft:cobblestone":173,"minecraft:bucket":1},"minecraft:crafted":{"minecraft:oak_door":3,"minecraft:oak_planks":140,"minecraft:cobblestone_slab":84,"minecraft:furnace":2,"minecraft:diamond_shovel":2,"minecraft:spruce_stairs":36,"minecraft:diamond_helmet":2,"minecraft:diamond_leggings":2,"minecraft:spruce_slab":66,"minecraft:stone_pickaxe":4,"minecraft:chest":2,"minecraft:diamond_boots":2,"minecraft:oak_fence":6,"minecraft:smoker":1,"minecraft:diamond_sword":2,"minecraft:emerald":391,"minecraft:diamond_axe":2,"minecraft:crafting_table":2,"minecraft:spruce_planks":236,"minecraft:wooden_pickaxe":3,"minecraft:baked_potato":100,"minecraft:bucket":1,"minecraft:birch_planks":4,"minecraft:stone_axe":4,"minecraft:enchanted_book":3,"minecraft:air":0,"minecraft:spruce_trapdoor":2,"minecraft:diamond_pickaxe":2,"minecraft:charcoal":64,"minecraft:shield":2,"minecraft:stick":24,"minecraft:oak_stairs":8,"minecraft:wooden_axe":1,"minecraft:stone_sword":3,"minecraft:diamond_chestplate":2},"minecraft:custom":{"minecraft:mob_kills":40,"minecraft:interact_with_anvil":5,"minecraft:interact_with_crafting_table":34,"minecraft:open_shulker_box":3,"minecraft:leave_game":4,"minecraft:time_since_death":5149,"minecraft:climb_one_cm":3024,"minecraft:sprint_one_cm":424943,"minecraft:walk_one_cm":350895,"minecraft:damage_blocked_by_shield":75,"minecraft:drop":75,"minecraft:talked_to_villager":75,"minecraft:play_time":304861,"minecraft:deaths":12,"minecraft:sneak_time":60699,"minecraft:walk_under_water_one_cm":4404,"minecraft:boat_one_cm":1057,"minecraft:jump":3518,"minecraft:walk_on_water_one_cm":14263,"minecraft:total_world_time":304861,"minecraft:interact_with_furnace":15,"minecraft:traded_with_villager":412,"minecraft:interact_with_grindstone":1,"minecraft:sleep_in_bed":2,"minecraft:time_since_rest":5174,"minecraft:open_enderchest":2,"minecraft:damage_taken":4078,"minecraft:damage_dealt":3052,"minecraft:fly_one_cm":934163,"minecraft:swim_one_cm":2224,"minecraft:player_kills":7,"minecraft:open_chest":203,"minecraft:crouch_one_cm":115511,"minecraft:interact_with_smoker":16,"minecraft:fall_one_cm":48568},"minecraft:mined":{"minecraft:white_bed":1,"minecraft:spruce_trapdoor":1,"minecraft:cave_vines_plant":2,"minecraft:spruce_leaves":5,"minecraft:potatoes":130,"minecraft:flowering_azalea_leaves":1,"minecraft:cave_vines":2,"minecraft:cobblestone_slab":18,"minecraft:oak_stairs":1,"minecraft:azalea_leaves":3,"minecraft:crafting_table":1,"minecraft:torch":5,"minecraft:chest":1,"minecraft:cobblestone":864,"minecraft:oak_planks":8,"minecraft:wall_torch":3,"minecraft:spruce_stairs":3,"minecraft:birch_planks":7,"minecraft:spruce_log":332,"minecraft:oak_log":14,"minecraft:dirt":1},"minecraft:dropped":{"minecraft:stone_hoe":1,"minecraft:birch_planks":1,"minecraft:wheat_seeds":1,"minecraft:baked_potato":7,"minecraft:dripstone_block":1,"minecraft:poisonous_potato":4,"minecraft:oak_fence":1,"minecraft:cobblestone":273,"minecraft:stick":11,"minecraft:dirt":44,"minecraft:string":102,"minecraft:bucket":1,"minecraft:oak_door":2,"minecraft:stone_axe":9,"minecraft:stone_sword":2,"minecraft:rotten_flesh":5,"minecraft:cobblestone_slab":13,"minecraft:potato":1,"minecraft:gunpowder":1,"minecraft:azalea":3,"minecraft:spider_eye":1,"minecraft:spruce_log":35,"minecraft:stone_pickaxe":7,"minecraft:wooden_pickaxe":1},"minecraft:killed_by":{"minecraft:player":1,"minecraft:creeper":1,"minecraft:zombie":1},"minecraft:killed":{"minecraft:spider":1,"minecraft:skeleton":18,"minecraft:zombie_villager":1,"minecraft:creeper":11,"minecraft:zombie":8},"minecraft:broken":{"minecraft:wooden_pickaxe":3,"minecraft:stone_pickaxe":5,"minecraft:stone_axe":2,"minecraft:wooden_axe":1},"minecraft:picked_up":{"minecraft:music_disc_strad":1,"minecraft:crafting_table":1,"minecraft:wooden_pickaxe":3,"minecraft:oak_stairs":1,"minecraft:string":149,"minecraft:bucket":1,"minecraft:cobblestone_slab":83,"minecraft:azalea":3,"minecraft:chest":1,"minecraft:spruce_trapdoor":1,"minecraft:stick":47,"minecraft:torch":36,"minecraft:spruce_stairs":3,"minecraft:arrow":14,"minecraft:rotten_flesh":8,"minecraft:glow_berries":2,"minecraft:cobblestone":732,"minecraft:birch_log":1,"minecraft:potato":468,"minecraft:birch_planks":4,"minecraft:oak_log":14,"minecraft:gunpowder":8,"minecraft:dirt":48,"minecraft:bone":14,"minecraft:apple":1,"minecraft:wheat_seeds":1,"minecraft:stone_pickaxe":17,"minecraft:oak_planks":10,"minecraft:stone_hoe":1,"minecraft:book":10,"minecraft:poisonous_potato":6,"minecraft:dripstone_block":1,"minecraft:spruce_sapling":23,"minecraft:white_bed":2,"minecraft:spruce_log":323,"minecraft:spider_eye":1,"minecraft:shulker_box":1,"minecraft:stone_axe":10,"minecraft:emerald":129,"minecraft:baked_potato":43}},"DataVersion":3463}